case:concept:name,concept:name,time:timestamp,lifecycle:transition,org:resource
1,A_Create Application,2016-05-17 09:15:00.001000,complete,User_1
1,A_Submitted,2016-05-17 09:15:00.099000,complete,User_1
1,W_Handle leads,2016-05-17 09:15:00.273616,start,User_10
1,W_Handle leads,2016-05-17 09:18:14.478129,complete,User_10
1,A_Concept,2016-05-17 09:18:14.482129,complete,User_10
1,W_Complete application,2016-05-17 09:18:14.710289,start,User_104
2,A_Create Application,2016-05-17 09:25:02.669993,complete,User_108
2,A_Submitted,2016-05-17 09:25:02.767993,complete,User_1
2,W_Handle leads,2016-05-17 09:25:02.811650,start,User_10
2,W_Handle leads,2016-05-17 09:28:17.016163,complete,User_10
2,A_Concept,2016-05-17 09:28:17.020163,complete,User_10
2,W_Complete application,2016-05-17 09:28:17.628444,start,User_108
3,A_Create Application,2016-05-17 09:48:08.473278,complete,User_11
3,A_Submitted,2016-05-17 09:48:08.571278,complete,User_1
3,W_Handle leads,2016-05-17 09:48:09.074096,start,User_10
4,A_Create Application,2016-05-17 09:48:29.674826,complete,User_11
4,A_Submitted,2016-05-17 09:48:29.772826,complete,User_1
4,W_Handle leads,2016-05-17 09:48:30.582012,start,User_11
3,W_Handle leads,2016-05-17 09:51:23.278609,complete,User_10
3,A_Concept,2016-05-17 09:51:23.282609,complete,User_132
3,W_Complete application,2016-05-17 09:51:24.113385,start,User_16
4,W_Handle leads,2016-05-17 09:51:44.786525,complete,User_11
4,A_Concept,2016-05-17 09:51:44.790525,complete,User_17
4,W_Complete application,2016-05-17 09:51:44.823483,start,User_2
5,A_Create Application,2016-05-17 09:53:08.682349,complete,User_21
5,A_Submitted,2016-05-17 09:53:08.780349,complete,User_1
5,W_Handle leads,2016-05-17 09:53:09.242786,start,User_10
5,W_Handle leads,2016-05-17 09:56:23.447299,complete,User_10
5,A_Concept,2016-05-17 09:56:23.451299,complete,User_10
5,W_Complete application,2016-05-17 09:56:24.213736,start,User_11
6,A_Create Application,2016-05-17 10:00:23.396535,complete,User_132
6,A_Submitted,2016-05-17 10:00:23.494535,complete,User_1
6,W_Handle leads,2016-05-17 10:00:23.730945,start,User_10
6,W_Handle leads,2016-05-17 10:03:37.935458,complete,User_10
6,A_Concept,2016-05-17 10:03:37.939458,complete,User_10
6,W_Complete application,2016-05-17 10:03:38.058437,start,User_132
7,A_Create Application,2016-05-17 10:35:21.357462,complete,User_14
7,A_Submitted,2016-05-17 10:35:21.455462,complete,User_1
7,W_Handle leads,2016-05-17 10:35:22.304320,start,User_10
7,W_Handle leads,2016-05-17 10:38:36.508833,complete,User_10
7,A_Concept,2016-05-17 10:38:36.512833,complete,User_10
7,W_Complete application,2016-05-17 10:38:36.961804,start,User_12
8,A_Create Application,2016-05-17 10:41:53.302822,complete,User_14
8,A_Submitted,2016-05-17 10:41:53.400822,complete,User_1
8,W_Handle leads,2016-05-17 10:41:54.281198,start,User_10
1,W_Complete application,2016-05-17 10:43:10.317763,complete,User_104
1,A_Accepted,2016-05-17 10:43:11.341763,complete,User_104
1,O_Create Offer,2016-05-17 10:43:11.804763,complete,User_14
1,O_Created,2016-05-17 10:43:11.893763,complete,User_17
1,O_Cancelled,2016-05-17 10:43:11.894763,complete,User_114
1,O_Create Offer,2016-05-17 10:43:12.357763,complete,User_21
1,O_Created,2016-05-17 10:43:12.446763,complete,User_22
1,O_Sent (mail and online),2016-05-17 10:43:12.447763,complete,User_23
1,A_Complete,2016-05-17 10:43:13.993763,complete,User_25
1,W_Call after offers,2016-05-17 10:43:14.962490,start,User_29
8,W_Handle leads,2016-05-17 10:45:08.485711,complete,User_10
8,A_Concept,2016-05-17 10:45:08.489711,complete,User_14
8,W_Complete application,2016-05-17 10:45:09.378961,start,User_17
9,A_Create Application,2016-05-17 10:48:20.950307,complete,User_21
9,A_Submitted,2016-05-17 10:48:21.048307,complete,User_1
9,W_Handle leads,2016-05-17 10:48:21.237923,start,User_10
10,A_Create Application,2016-05-17 10:48:33.950644,complete,User_104
10,A_Submitted,2016-05-17 10:48:34.048644,complete,User_1
10,W_Handle leads,2016-05-17 10:48:34.126662,start,User_104
9,W_Handle leads,2016-05-17 10:51:35.442436,complete,User_10
9,A_Concept,2016-05-17 10:51:35.446436,complete,User_14
9,W_Complete application,2016-05-17 10:51:35.937832,start,User_21
10,W_Handle leads,2016-05-17 10:51:48.331175,complete,User_104
10,A_Concept,2016-05-17 10:51:48.335175,complete,User_22
10,W_Complete application,2016-05-17 10:51:48.955349,start,User_25
2,W_Complete application,2016-05-17 10:53:13.235918,complete,User_108
2,A_Accepted,2016-05-17 10:53:14.259918,complete,User_28
2,O_Create Offer,2016-05-17 10:53:14.722918,complete,User_3
2,O_Created,2016-05-17 10:53:14.811918,complete,User_31
2,O_Cancelled,2016-05-17 10:53:14.812918,complete,User_130
2,O_Create Offer,2016-05-17 10:53:15.275918,complete,User_36
2,O_Created,2016-05-17 10:53:15.364918,complete,User_37
2,O_Cancelled,2016-05-17 10:53:15.365918,complete,User_134
2,O_Create Offer,2016-05-17 10:53:15.828918,complete,User_4
2,O_Created,2016-05-17 10:53:15.917918,complete,User_40
2,O_Sent (mail and online),2016-05-17 10:53:15.918918,complete,User_41
2,A_Complete,2016-05-17 10:53:17.464918,complete,User_42
2,W_Call after offers,2016-05-17 10:53:18.424634,start,User_30
11,A_Create Application,2016-05-17 10:59:30.647013,complete,User_14
11,A_Submitted,2016-05-17 10:59:30.745013,complete,User_1
11,W_Handle leads,2016-05-17 10:59:31.154273,start,User_10
12,A_Create Application,2016-05-17 11:02:44.968781,complete,User_104
12,A_Submitted,2016-05-17 11:02:45.066781,complete,User_1
11,W_Handle leads,2016-05-17 11:02:45.358786,complete,User_10
11,A_Concept,2016-05-17 11:02:45.362786,complete,User_14
11,W_Complete application,2016-05-17 11:02:45.528991,start,User_22
12,W_Handle leads,2016-05-17 11:02:45.597288,start,User_104
13,A_Create Application,2016-05-17 11:04:47.252117,complete,User_23
13,A_Submitted,2016-05-17 11:04:47.350117,complete,User_1
13,W_Handle leads,2016-05-17 11:04:47.765375,start,User_10
12,W_Handle leads,2016-05-17 11:05:59.801801,complete,User_104
12,A_Concept,2016-05-17 11:05:59.805801,complete,User_104
12,W_Complete application,2016-05-17 11:06:00.405436,start,User_14
13,W_Handle leads,2016-05-17 11:08:01.969888,complete,User_10
13,A_Concept,2016-05-17 11:08:01.973888,complete,User_20
13,W_Complete application,2016-05-17 11:08:01.984325,start,User_23
14,A_Create Application,2016-05-17 11:13:40.434792,complete,User_28
14,A_Submitted,2016-05-17 11:13:40.532792,complete,User_1
14,W_Handle leads,2016-05-17 11:13:41.350731,start,User_10
3,W_Complete application,2016-05-17 11:16:19.720859,complete,User_16
3,A_Accepted,2016-05-17 11:16:20.744859,complete,User_104
3,O_Create Offer,2016-05-17 11:16:21.207859,complete,User_16
3,O_Created,2016-05-17 11:16:21.296859,complete,User_20
3,O_Sent (mail and online),2016-05-17 11:16:21.297859,complete,User_28
3,A_Complete,2016-05-17 11:16:22.843859,complete,User_3
3,W_Call after offers,2016-05-17 11:16:23.309442,start,User_75
4,W_Complete application,2016-05-17 11:16:40.430957,complete,User_2
4,A_Accepted,2016-05-17 11:16:41.454957,complete,User_16
4,O_Create Offer,2016-05-17 11:16:41.917957,complete,User_2
4,O_Created,2016-05-17 11:16:42.006957,complete,User_20
4,O_Sent (mail and online),2016-05-17 11:16:42.007957,complete,User_28
4,A_Complete,2016-05-17 11:16:43.553957,complete,User_3
4,W_Call after offers,2016-05-17 11:16:43.822471,start,User_83
14,W_Handle leads,2016-05-17 11:16:55.555244,complete,User_10
14,A_Concept,2016-05-17 11:16:55.559244,complete,User_16
14,W_Complete application,2016-05-17 11:16:56.228667,start,User_2
15,A_Create Application,2016-05-17 11:17:21.797669,complete,User_20
15,A_Submitted,2016-05-17 11:17:21.895669,complete,User_1
15,W_Handle leads,2016-05-17 11:17:22.827412,start,User_10
15,W_Handle leads,2016-05-17 11:20:37.031925,complete,User_10
15,A_Concept,2016-05-17 11:20:37.035925,complete,User_10
15,W_Complete application,2016-05-17 11:20:37.406881,start,User_104
5,W_Complete application,2016-05-17 11:21:19.821210,complete,User_11
5,A_Accepted,2016-05-17 11:21:20.845210,complete,User_11
5,O_Create Offer,2016-05-17 11:21:21.308210,complete,User_16
5,O_Created,2016-05-17 11:21:21.397210,complete,User_20
5,O_Cancelled,2016-05-17 11:21:21.398210,complete,User_119
5,O_Create Offer,2016-05-17 11:21:21.861210,complete,User_28
5,O_Created,2016-05-17 11:21:21.950210,complete,User_3
5,O_Cancelled,2016-05-17 11:21:21.951210,complete,User_126
5,O_Cancelled,2016-05-17 11:21:21.952210,complete,User_130
5,O_Cancelled,2016-05-17 11:21:21.953210,complete,User_131
5,O_Create Offer,2016-05-17 11:21:22.416210,complete,User_37
5,O_Created,2016-05-17 11:21:22.505210,complete,User_39
5,O_Cancelled,2016-05-17 11:21:22.506210,complete,User_137
5,O_Create Offer,2016-05-17 11:21:22.969210,complete,User_41
5,O_Created,2016-05-17 11:21:23.058210,complete,User_43
5,O_Sent (mail and online),2016-05-17 11:21:23.059210,complete,User_45
5,A_Complete,2016-05-17 11:21:24.605210,complete,User_47
5,W_Call after offers,2016-05-17 11:21:25.261935,start,User_87
6,W_Complete application,2016-05-17 11:28:33.665911,complete,User_132
6,A_Accepted,2016-05-17 11:28:34.689911,complete,User_16
6,O_Create Offer,2016-05-17 11:28:35.152911,complete,User_20
6,O_Created,2016-05-17 11:28:35.241911,complete,User_28
6,O_Cancelled,2016-05-17 11:28:35.242911,complete,User_125
6,O_Cancelled,2016-05-17 11:28:35.243911,complete,User_126
6,O_Cancelled,2016-05-17 11:28:35.244911,complete,User_130
6,O_Create Offer,2016-05-17 11:28:35.707911,complete,User_36
6,O_Created,2016-05-17 11:28:35.796911,complete,User_37
6,O_Cancelled,2016-05-17 11:28:35.797911,complete,User_134
6,O_Create Offer,2016-05-17 11:28:36.260911,complete,User_4
6,O_Created,2016-05-17 11:28:36.349911,complete,User_40
6,O_Sent (mail and online),2016-05-17 11:28:36.350911,complete,User_41
6,A_Complete,2016-05-17 11:28:37.896911,complete,User_43
6,W_Call after offers,2016-05-17 11:28:38.656598,start,User_68
16,A_Create Application,2016-05-17 11:34:38.468723,complete,User_132
16,A_Submitted,2016-05-17 11:34:38.566723,complete,User_1
16,W_Handle leads,2016-05-17 11:34:38.738479,start,User_10
17,A_Create Application,2016-05-17 11:37:06.672109,complete,User_11
17,A_Submitted,2016-05-17 11:37:06.770109,complete,User_1
17,W_Handle leads,2016-05-17 11:37:07.119684,start,User_11
16,W_Handle leads,2016-05-17 11:37:52.942992,complete,User_10
16,A_Concept,2016-05-17 11:37:52.946992,complete,User_132
16,W_Complete application,2016-05-17 11:37:53.407546,start,User_16
17,W_Handle leads,2016-05-17 11:40:21.324197,complete,User_11
17,A_Concept,2016-05-17 11:40:21.328197,complete,User_18
17,W_Complete application,2016-05-17 11:40:22.318619,start,User_20
18,A_Create Application,2016-05-17 11:42:16.459610,complete,User_26
18,A_Submitted,2016-05-17 11:42:16.557610,complete,User_1
18,W_Handle leads,2016-05-17 11:42:17.038056,start,User_10
18,W_Handle leads,2016-05-17 11:45:31.242569,complete,User_10
18,A_Concept,2016-05-17 11:45:31.246569,complete,User_10
18,W_Complete application,2016-05-17 11:45:31.781658,start,User_11
19,A_Create Application,2016-05-17 11:49:45.857791,complete,User_132
19,A_Submitted,2016-05-17 11:49:45.955791,complete,User_1
19,W_Handle leads,2016-05-17 11:49:46.242548,start,User_10
20,A_Create Application,2016-05-17 11:51:42.145841,complete,User_132
20,A_Submitted,2016-05-17 11:51:42.243841,complete,User_1
20,W_Handle leads,2016-05-17 11:51:42.445966,start,User_132
19,W_Handle leads,2016-05-17 11:53:00.447061,complete,User_10
19,A_Concept,2016-05-17 11:53:00.451061,complete,User_15
19,W_Complete application,2016-05-17 11:53:01.035276,start,User_18
20,W_Handle leads,2016-05-17 11:54:56.650479,complete,User_132
20,A_Concept,2016-05-17 11:54:56.654479,complete,User_26
20,W_Complete application,2016-05-17 11:54:57.650395,start,User_31
7,W_Complete application,2016-05-17 12:03:32.569278,complete,User_12
7,A_Accepted,2016-05-17 12:03:33.593278,complete,User_34
7,O_Create Offer,2016-05-17 12:03:34.056278,complete,User_36
7,O_Created,2016-05-17 12:03:34.145278,complete,User_37
7,O_Cancelled,2016-05-17 12:03:34.146278,complete,User_134
7,O_Create Offer,2016-05-17 12:03:34.609278,complete,User_4
7,O_Created,2016-05-17 12:03:34.698278,complete,User_40
7,O_Sent (mail and online),2016-05-17 12:03:34.699278,complete,User_41
7,A_Complete,2016-05-17 12:03:36.245278,complete,User_43
7,W_Call after offers,2016-05-17 12:03:36.741914,start,User_90
8,W_Complete application,2016-05-17 12:10:04.986435,complete,User_17
8,A_Accepted,2016-05-17 12:10:06.010435,complete,User_17
8,O_Create Offer,2016-05-17 12:10:06.473435,complete,User_26
8,O_Created,2016-05-17 12:10:06.562435,complete,User_28
8,O_Sent (mail and online),2016-05-17 12:10:06.563435,complete,User_3
8,A_Complete,2016-05-17 12:10:08.109435,complete,User_33
8,W_Call after offers,2016-05-17 12:10:08.539585,start,User_93
21,A_Create Application,2016-05-17 12:10:16.100134,complete,User_17
21,A_Submitted,2016-05-17 12:10:16.198134,complete,User_1
21,W_Handle leads,2016-05-17 12:10:16.250445,start,User_10
21,W_Handle leads,2016-05-17 12:13:30.454958,complete,User_10
21,A_Concept,2016-05-17 12:13:30.458958,complete,User_10
21,W_Complete application,2016-05-17 12:13:31.093184,start,User_12
22,A_Create Application,2016-05-17 12:16:01.121159,complete,User_13
22,A_Submitted,2016-05-17 12:16:01.219159,complete,User_1
22,W_Handle leads,2016-05-17 12:16:01.926453,start,User_10
9,W_Complete application,2016-05-17 12:16:31.545306,complete,User_21
9,A_Accepted,2016-05-17 12:16:32.569306,complete,User_13
9,O_Create Offer,2016-05-17 12:16:33.032306,complete,User_132
9,O_Created,2016-05-17 12:16:33.121306,complete,User_15
9,O_Cancelled,2016-05-17 12:16:33.122306,complete,User_113
9,O_Cancelled,2016-05-17 12:16:33.123306,complete,User_114
9,O_Cancelled,2016-05-17 12:16:33.124306,complete,User_115
9,O_Create Offer,2016-05-17 12:16:33.587306,complete,User_21
9,O_Created,2016-05-17 12:16:33.676306,complete,User_26
9,O_Sent (mail and online),2016-05-17 12:16:33.677306,complete,User_28
9,A_Complete,2016-05-17 12:16:35.223306,complete,User_3
9,W_Call after offers,2016-05-17 12:16:36.107759,start,User_95
10,W_Complete application,2016-05-17 12:16:44.562823,complete,User_25
10,A_Accepted,2016-05-17 12:16:45.586823,complete,User_21
10,O_Create Offer,2016-05-17 12:16:46.049823,complete,User_25
10,O_Created,2016-05-17 12:16:46.138823,complete,User_26
10,O_Sent (mail and online),2016-05-17 12:16:46.139823,complete,User_28
10,A_Complete,2016-05-17 12:16:47.685823,complete,User_3
10,W_Call after offers,2016-05-17 12:16:48.349361,start,User_99
22,W_Handle leads,2016-05-17 12:19:16.130966,complete,User_10
22,A_Concept,2016-05-17 12:19:16.134966,complete,User_1
22,W_Complete application,2016-05-17 12:19:17.122083,start,User_13
11,W_Complete application,2016-05-17 12:27:41.136465,complete,User_22
11,A_Accepted,2016-05-17 12:27:42.160465,complete,User_132
11,O_Create Offer,2016-05-17 12:27:42.623465,complete,User_15
11,O_Created,2016-05-17 12:27:42.712465,complete,User_17
11,O_Cancelled,2016-05-17 12:27:42.713465,complete,User_114
11,O_Create Offer,2016-05-17 12:27:43.176465,complete,User_21
11,O_Created,2016-05-17 12:27:43.265465,complete,User_22
11,O_Cancelled,2016-05-17 12:27:43.266465,complete,User_120
11,O_Cancelled,2016-05-17 12:27:43.267465,complete,User_121
11,O_Create Offer,2016-05-17 12:27:43.730465,complete,User_26
11,O_Created,2016-05-17 12:27:43.819465,complete,User_28
11,O_Sent (mail and online),2016-05-17 12:27:43.820465,complete,User_3
11,A_Complete,2016-05-17 12:27:45.366465,complete,User_33
11,W_Call after offers,2016-05-17 12:27:46.184148,start,User_100
12,W_Complete application,2016-05-17 12:30:56.012910,complete,User_14
12,A_Accepted,2016-05-17 12:30:57.036910,complete,User_132
12,O_Create Offer,2016-05-17 12:30:57.499910,complete,User_14
12,O_Created,2016-05-17 12:30:57.588910,complete,User_15
12,O_Cancelled,2016-05-17 12:30:57.589910,complete,User_113
12,O_Create Offer,2016-05-17 12:30:58.052910,complete,User_21
12,O_Created,2016-05-17 12:30:58.141910,complete,User_22
12,O_Cancelled,2016-05-17 12:30:58.142910,complete,User_120
12,O_Create Offer,2016-05-17 12:30:58.605910,complete,User_25
12,O_Created,2016-05-17 12:30:58.694910,complete,User_26
12,O_Sent (mail and online),2016-05-17 12:30:58.695910,complete,User_28
12,A_Complete,2016-05-17 12:31:00.241910,complete,User_3
12,W_Call after offers,2016-05-17 12:31:00.251920,start,User_102
13,W_Complete application,2016-05-17 12:32:57.591799,complete,User_23
13,A_Accepted,2016-05-17 12:32:58.615799,complete,User_132
13,O_Create Offer,2016-05-17 12:32:59.078799,complete,User_14
13,O_Created,2016-05-17 12:32:59.167799,complete,User_15
13,O_Cancelled,2016-05-17 12:32:59.168799,complete,User_113
13,O_Cancelled,2016-05-17 12:32:59.169799,complete,User_114
13,O_Cancelled,2016-05-17 12:32:59.170799,complete,User_115
13,O_Create Offer,2016-05-17 12:32:59.633799,complete,User_21
13,O_Created,2016-05-17 12:32:59.722799,complete,User_22
13,O_Sent (mail and online),2016-05-17 12:32:59.723799,complete,User_23
13,A_Complete,2016-05-17 12:33:01.269799,complete,User_24
13,W_Call after offers,2016-05-17 12:33:01.936777,start,User_107
23,A_Create Application,2016-05-17 12:36:32.872620,complete,User_132
23,A_Submitted,2016-05-17 12:36:32.970620,complete,User_1
23,W_Handle leads,2016-05-17 12:36:33.515004,start,User_10
24,A_Create Application,2016-05-17 12:38:52.928387,complete,User_132
24,A_Submitted,2016-05-17 12:38:53.026387,complete,User_1
24,W_Handle leads,2016-05-17 12:38:53.525300,start,User_132
23,W_Handle leads,2016-05-17 12:39:47.719517,complete,User_10
23,A_Concept,2016-05-17 12:39:47.723517,complete,User_14
23,W_Complete application,2016-05-17 12:39:48.263222,start,User_17
14,W_Complete application,2016-05-17 12:41:51.836141,complete,User_2
14,A_Accepted,2016-05-17 12:41:52.860141,complete,User_2
14,O_Create Offer,2016-05-17 12:41:53.323141,complete,User_21
14,O_Created,2016-05-17 12:41:53.412141,complete,User_22
14,O_Sent (mail and online),2016-05-17 12:41:53.413141,complete,User_23
14,A_Complete,2016-05-17 12:41:54.959141,complete,User_24
14,W_Call after offers,2016-05-17 12:41:55.294724,start,User_109
24,W_Handle leads,2016-05-17 12:42:07.729813,complete,User_132
24,A_Concept,2016-05-17 12:42:07.733813,complete,User_132
24,W_Complete application,2016-05-17 12:42:08.359630,start,User_14
15,W_Complete application,2016-05-17 12:45:33.014355,complete,User_104
15,A_Accepted,2016-05-17 12:45:34.038355,complete,User_15
15,O_Create Offer,2016-05-17 12:45:34.501355,complete,User_2
15,O_Created,2016-05-17 12:45:34.590355,complete,User_21
15,O_Sent (mail and online),2016-05-17 12:45:34.591355,complete,User_22
15,A_Complete,2016-05-17 12:45:36.137355,complete,User_23
15,W_Call after offers,2016-05-17 12:45:36.943361,start,User_115
25,A_Create Application,2016-05-17 12:56:11.957516,complete,User_132
25,A_Submitted,2016-05-17 12:56:12.055516,complete,User_1
25,W_Handle leads,2016-05-17 12:56:13.036126,start,User_10
26,A_Create Application,2016-05-17 12:57:38.489857,complete,User_104
26,A_Submitted,2016-05-17 12:57:38.587857,complete,User_1
26,W_Handle leads,2016-05-17 12:57:38.892124,start,User_104
27,A_Create Application,2016-05-17 12:58:57.304452,complete,User_105
27,A_Submitted,2016-05-17 12:58:57.402452,complete,User_1
27,W_Handle leads,2016-05-17 12:58:58.029987,start,User_105
25,W_Handle leads,2016-05-17 12:59:27.240639,complete,User_10
25,A_Concept,2016-05-17 12:59:27.244639,complete,User_132
25,W_Complete application,2016-05-17 12:59:27.324593,start,User_15
26,W_Handle leads,2016-05-17 13:00:53.096637,complete,User_104
26,A_Concept,2016-05-17 13:00:53.100637,complete,User_2
26,W_Complete application,2016-05-17 13:00:53.102463,start,User_22
27,W_Handle leads,2016-05-17 13:02:12.234500,complete,User_105
27,A_Concept,2016-05-17 13:02:12.238500,complete,User_21
27,W_Complete application,2016-05-17 13:02:12.648699,start,User_24
16,W_Complete application,2016-05-17 13:02:49.015020,complete,User_16
16,A_Accepted,2016-05-17 13:02:50.039020,complete,User_25
16,O_Create Offer,2016-05-17 13:02:50.502020,complete,User_26
16,O_Created,2016-05-17 13:02:50.591020,complete,User_28
16,O_Cancelled,2016-05-17 13:02:50.592020,complete,User_125
16,O_Cancelled,2016-05-17 13:02:50.593020,complete,User_126
16,O_Cancelled,2016-05-17 13:02:50.594020,complete,User_131
16,O_Cancelled,2016-05-17 13:02:50.595020,complete,User_132
16,O_Cancelled,2016-05-17 13:02:50.596020,complete,User_134
16,O_Create Offer,2016-05-17 13:02:51.059020,complete,User_4
16,O_Created,2016-05-17 13:02:51.148020,complete,User_40
16,O_Cancelled,2016-05-17 13:02:51.149020,complete,User_140
16,O_Create Offer,2016-05-17 13:02:51.612020,complete,User_45
16,O_Created,2016-05-17 13:02:51.701020,complete,User_46
16,O_Cancelled,2016-05-17 13:02:51.702020,complete,User_2
16,O_Create Offer,2016-05-17 13:02:52.165020,complete,User_5
16,O_Created,2016-05-17 13:02:52.254020,complete,User_50
16,O_Sent (mail and online),2016-05-17 13:02:52.255020,complete,User_52
16,A_Complete,2016-05-17 13:02:53.801020,complete,User_53
17,W_Complete application,2016-05-17 13:05:17.926093,complete,User_20
17,A_Accepted,2016-05-17 13:05:18.950093,complete,User_54
17,O_Create Offer,2016-05-17 13:05:19.413093,complete,User_55
17,O_Created,2016-05-17 13:05:19.502093,complete,User_57
17,O_Sent (mail and online),2016-05-17 13:05:19.503093,complete,User_59
17,A_Complete,2016-05-17 13:05:21.049093,complete,User_6
18,W_Complete application,2016-05-17 13:10:27.389132,complete,User_11
18,A_Accepted,2016-05-17 13:10:28.413132,complete,User_60
18,O_Create Offer,2016-05-17 13:10:28.876132,complete,User_62
18,O_Created,2016-05-17 13:10:28.965132,complete,User_65
18,O_Cancelled,2016-05-17 13:10:28.966132,complete,User_36
18,O_Create Offer,2016-05-17 13:10:29.429132,complete,User_67
18,O_Created,2016-05-17 13:10:29.518132,complete,User_69
18,O_Cancelled,2016-05-17 13:10:29.519132,complete,User_39
18,O_Cancelled,2016-05-17 13:10:29.520132,complete,User_4
18,O_Cancelled,2016-05-17 13:10:29.521132,complete,User_40
18,O_Create Offer,2016-05-17 13:10:29.984132,complete,User_72
18,O_Created,2016-05-17 13:10:30.073132,complete,User_73
18,O_Sent (mail and online),2016-05-17 13:10:30.074132,complete,User_74
18,A_Complete,2016-05-17 13:10:31.620132,complete,User_77
28,A_Create Application,2016-05-17 13:12:39.539237,complete,User_74
28,A_Submitted,2016-05-17 13:12:39.637237,complete,User_1
28,W_Handle leads,2016-05-17 13:12:40.308896,start,User_10
28,W_Handle leads,2016-05-17 13:15:54.513409,complete,User_10
28,A_Concept,2016-05-17 13:15:54.517409,complete,User_10
28,W_Complete application,2016-05-17 13:15:54.750496,start,User_104
19,W_Complete application,2016-05-17 13:17:56.642750,complete,User_18
19,A_Accepted,2016-05-17 13:17:57.666750,complete,User_105
19,O_Create Offer,2016-05-17 13:17:58.129750,complete,User_11
19,O_Created,2016-05-17 13:17:58.218750,complete,User_16
19,O_Sent (mail and online),2016-05-17 13:17:58.219750,complete,User_18
19,A_Complete,2016-05-17 13:17:59.765750,complete,User_2
29,A_Create Application,2016-05-17 13:18:52.841371,complete,User_2
29,A_Submitted,2016-05-17 13:18:52.939371,complete,User_1
29,W_Handle leads,2016-05-17 13:18:53.873988,start,User_10
20,W_Complete application,2016-05-17 13:19:53.257869,complete,User_31
20,A_Accepted,2016-05-17 13:19:54.281869,complete,User_105
20,O_Create Offer,2016-05-17 13:19:54.744869,complete,User_11
20,O_Created,2016-05-17 13:19:54.833869,complete,User_16
20,O_Sent (mail and online),2016-05-17 13:19:54.834869,complete,User_18
20,A_Complete,2016-05-17 13:19:56.380869,complete,User_2
29,W_Handle leads,2016-05-17 13:22:08.078501,complete,User_10
29,A_Concept,2016-05-17 13:22:08.082501,complete,User_2
29,W_Complete application,2016-05-17 13:22:08.551274,start,User_23
21,W_Complete application,2016-05-17 13:38:26.700658,complete,User_12
21,A_Accepted,2016-05-17 13:38:27.724658,complete,User_26
21,O_Create Offer,2016-05-17 13:38:28.187658,complete,User_28
21,O_Created,2016-05-17 13:38:28.276658,complete,User_3
21,O_Cancelled,2016-05-17 13:38:28.277658,complete,User_126
21,O_Create Offer,2016-05-17 13:38:28.740658,complete,User_33
21,O_Created,2016-05-17 13:38:28.829658,complete,User_34
21,O_Sent (mail and online),2016-05-17 13:38:28.830658,complete,User_35
21,A_Complete,2016-05-17 13:38:30.376658,complete,User_36
30,A_Create Application,2016-05-17 13:39:19.580195,complete,User_35
30,A_Submitted,2016-05-17 13:39:19.678195,complete,User_1
30,W_Handle leads,2016-05-17 13:39:20.027080,start,User_10
30,W_Handle leads,2016-05-17 13:42:34.231593,complete,User_10
30,A_Concept,2016-05-17 13:42:34.235593,complete,User_10
30,W_Complete application,2016-05-17 13:42:34.394965,start,User_105
22,W_Complete application,2016-05-17 13:44:12.729557,complete,User_13
22,A_Accepted,2016-05-17 13:44:13.753557,complete,User_12
22,O_Create Offer,2016-05-17 13:44:14.216557,complete,User_13
22,O_Created,2016-05-17 13:44:14.305557,complete,User_16
22,O_Cancelled,2016-05-17 13:44:14.306557,complete,User_113
22,O_Cancelled,2016-05-17 13:44:14.307557,complete,User_114
22,O_Create Offer,2016-05-17 13:44:14.770557,complete,User_2
22,O_Created,2016-05-17 13:44:14.859557,complete,User_20
22,O_Cancelled,2016-05-17 13:44:14.860557,complete,User_119
22,O_Create Offer,2016-05-17 13:44:15.323557,complete,User_26
22,O_Created,2016-05-17 13:44:15.412557,complete,User_28
22,O_Sent (mail and online),2016-05-17 13:44:15.413557,complete,User_3
22,A_Complete,2016-05-17 13:44:16.959557,complete,User_31
31,A_Create Application,2016-05-17 13:52:34.924455,complete,User_3
31,A_Submitted,2016-05-17 13:52:35.022455,complete,User_1
31,W_Handle leads,2016-05-17 13:52:35.904810,start,User_10
31,W_Handle leads,2016-05-17 13:55:50.109323,complete,User_10
31,A_Concept,2016-05-17 13:55:50.113323,complete,User_10
31,W_Complete application,2016-05-17 13:55:50.745659,start,User_12
32,A_Create Application,2016-05-17 13:56:34.475972,complete,User_13
32,A_Submitted,2016-05-17 13:56:34.573972,complete,User_1
32,W_Handle leads,2016-05-17 13:56:34.738769,start,User_10
32,W_Handle leads,2016-05-17 13:59:48.943282,complete,User_10
32,A_Concept,2016-05-17 13:59:48.947282,complete,User_10
32,W_Complete application,2016-05-17 13:59:49.786109,start,User_13
33,A_Create Application,2016-05-17 14:02:49.619952,complete,User_16
33,A_Submitted,2016-05-17 14:02:49.717952,complete,User_1
33,W_Handle leads,2016-05-17 14:02:50.713968,start,User_10
34,A_Create Application,2016-05-17 14:03:48.700742,complete,User_16
34,A_Submitted,2016-05-17 14:03:48.798742,complete,User_1
34,W_Handle leads,2016-05-17 14:03:49.222251,start,User_16
23,W_Complete application,2016-05-17 14:04:43.870696,complete,User_17
23,A_Accepted,2016-05-17 14:04:44.894696,complete,User_18
23,O_Create Offer,2016-05-17 14:04:45.357696,complete,User_2
23,O_Created,2016-05-17 14:04:45.446696,complete,User_20
23,O_Cancelled,2016-05-17 14:04:45.447696,complete,User_120
23,O_Create Offer,2016-05-17 14:04:45.910696,complete,User_26
23,O_Created,2016-05-17 14:04:45.999696,complete,User_28
23,O_Cancelled,2016-05-17 14:04:46.000696,complete,User_125
23,O_Create Offer,2016-05-17 14:04:46.463696,complete,User_31
23,O_Created,2016-05-17 14:04:46.552696,complete,User_33
23,O_Cancelled,2016-05-17 14:04:46.553696,complete,User_133
23,O_Cancelled,2016-05-17 14:04:46.554696,complete,User_134
23,O_Create Offer,2016-05-17 14:04:47.017696,complete,User_40
23,O_Created,2016-05-17 14:04:47.106696,complete,User_41
23,O_Sent (mail and online),2016-05-17 14:04:47.107696,complete,User_45
23,A_Complete,2016-05-17 14:04:48.653696,complete,User_46
35,A_Create Application,2016-05-17 14:05:27.274884,complete,User_45
35,A_Submitted,2016-05-17 14:05:27.372884,complete,User_1
35,W_Handle leads,2016-05-17 14:05:27.612793,start,User_17
33,W_Handle leads,2016-05-17 14:06:04.918481,complete,User_10
33,A_Concept,2016-05-17 14:06:04.922481,complete,User_18
33,W_Complete application,2016-05-17 14:06:05.604710,start,User_20
36,A_Create Application,2016-05-17 14:06:34.737869,complete,User_2
36,A_Submitted,2016-05-17 14:06:34.835869,complete,User_1
36,W_Handle leads,2016-05-17 14:06:35.570892,start,User_10
34,W_Handle leads,2016-05-17 14:07:03.426764,complete,User_16
34,A_Concept,2016-05-17 14:07:03.430764,complete,User_16
34,W_Complete application,2016-05-17 14:07:03.656612,start,User_2
24,W_Complete application,2016-05-17 14:07:03.967104,complete,User_14
24,A_Accepted,2016-05-17 14:07:04.991104,complete,User_21
24,O_Create Offer,2016-05-17 14:07:05.454104,complete,User_26
24,O_Created,2016-05-17 14:07:05.543104,complete,User_28
24,O_Sent (mail and online),2016-05-17 14:07:05.544104,complete,User_3
24,A_Complete,2016-05-17 14:07:07.090104,complete,User_31
35,W_Handle leads,2016-05-17 14:08:41.817306,complete,User_17
35,A_Concept,2016-05-17 14:08:41.821306,complete,User_3
35,W_Complete application,2016-05-17 14:08:42.249047,start,User_33
36,W_Handle leads,2016-05-17 14:09:49.775405,complete,User_10
36,A_Concept,2016-05-17 14:09:49.779405,complete,User_34
36,W_Complete application,2016-05-17 14:09:50.231368,start,User_37
25,W_Complete application,2016-05-17 14:24:22.932067,complete,User_15
25,A_Accepted,2016-05-17 14:24:23.956067,complete,User_39
25,O_Create Offer,2016-05-17 14:24:24.419067,complete,User_41
25,O_Created,2016-05-17 14:24:24.508067,complete,User_44
25,O_Cancelled,2016-05-17 14:24:24.509067,complete,User_16
25,O_Cancelled,2016-05-17 14:24:24.510067,complete,User_17
25,O_Cancelled,2016-05-17 14:24:24.511067,complete,User_18
25,O_Cancelled,2016-05-17 14:24:24.512067,complete,User_21
25,O_Create Offer,2016-05-17 14:24:24.975067,complete,User_51
25,O_Created,2016-05-17 14:24:25.064067,complete,User_52
25,O_Sent (mail and online),2016-05-17 14:24:25.065067,complete,User_53
25,A_Complete,2016-05-17 14:24:26.611067,complete,User_54
37,A_Create Application,2016-05-17 14:25:19.776880,complete,User_53
37,A_Submitted,2016-05-17 14:25:19.874880,complete,User_1
37,W_Handle leads,2016-05-17 14:25:20.437880,start,User_10
26,W_Complete application,2016-05-17 14:25:48.709937,complete,User_22
26,A_Accepted,2016-05-17 14:25:49.733937,complete,User_14
26,O_Create Offer,2016-05-17 14:25:50.196937,complete,User_15
26,O_Created,2016-05-17 14:25:50.285937,complete,User_16
26,O_Cancelled,2016-05-17 14:25:50.286937,complete,User_114
26,O_Cancelled,2016-05-17 14:25:50.287937,complete,User_120
26,O_Create Offer,2016-05-17 14:25:50.750937,complete,User_26
26,O_Created,2016-05-17 14:25:50.839937,complete,User_28
26,O_Cancelled,2016-05-17 14:25:50.840937,complete,User_125
26,O_Create Offer,2016-05-17 14:25:51.303937,complete,User_31
26,O_Created,2016-05-17 14:25:51.392937,complete,User_35
26,O_Cancelled,2016-05-17 14:25:51.393937,complete,User_133
26,O_Cancelled,2016-05-17 14:25:51.394937,complete,User_134
26,O_Cancelled,2016-05-17 14:25:51.395937,complete,User_14
26,O_Cancelled,2016-05-17 14:25:51.396937,complete,User_15
26,O_Cancelled,2016-05-17 14:25:51.397937,complete,User_16
26,O_Cancelled,2016-05-17 14:25:51.398937,complete,User_17
26,O_Cancelled,2016-05-17 14:25:51.399937,complete,User_18
26,O_Create Offer,2016-05-17 14:25:51.862937,complete,User_48
26,O_Created,2016-05-17 14:25:51.951937,complete,User_49
26,O_Cancelled,2016-05-17 14:25:51.952937,complete,User_21
26,O_Create Offer,2016-05-17 14:25:52.415937,complete,User_51
26,O_Created,2016-05-17 14:25:52.504937,complete,User_52
26,O_Cancelled,2016-05-17 14:25:52.505937,complete,User_26
26,O_Create Offer,2016-05-17 14:25:52.968937,complete,User_57
26,O_Created,2016-05-17 14:25:53.057937,complete,User_6
26,O_Cancelled,2016-05-17 14:25:53.058937,complete,User_31
26,O_Cancelled,2016-05-17 14:25:53.059937,complete,User_35
26,O_Cancelled,2016-05-17 14:25:53.060937,complete,User_36
26,O_Create Offer,2016-05-17 14:25:53.523937,complete,User_67
26,O_Created,2016-05-17 14:25:53.612937,complete,User_69
26,O_Cancelled,2016-05-17 14:25:53.613937,complete,User_39
26,O_Create Offer,2016-05-17 14:25:54.076937,complete,User_70
26,O_Created,2016-05-17 14:25:54.165937,complete,User_71
26,O_Cancelled,2016-05-17 14:25:54.166937,complete,User_41
26,O_Create Offer,2016-05-17 14:25:54.629937,complete,User_74
26,O_Created,2016-05-17 14:25:54.718937,complete,User_77
26,O_Sent (mail and online),2016-05-17 14:25:54.719937,complete,User_78
26,A_Complete,2016-05-17 14:25:56.265937,complete,User_79
27,W_Complete application,2016-05-17 14:27:08.256173,complete,User_24
27,A_Accepted,2016-05-17 14:27:09.280173,complete,User_81
27,O_Create Offer,2016-05-17 14:27:09.743173,complete,User_84
27,O_Created,2016-05-17 14:27:09.832173,complete,User_85
27,O_Cancelled,2016-05-17 14:27:09.833173,complete,User_52
27,O_Create Offer,2016-05-17 14:27:10.296173,complete,User_88
27,O_Created,2016-05-17 14:27:10.385173,complete,User_91
27,O_Cancelled,2016-05-17 14:27:10.386173,complete,User_57
27,O_Cancelled,2016-05-17 14:27:10.387173,complete,User_6
27,O_Cancelled,2016-05-17 14:27:10.388173,complete,User_60
27,O_Cancelled,2016-05-17 14:27:10.389173,complete,User_62
27,O_Create Offer,2016-05-17 14:27:10.852173,complete,User_14
27,O_Created,2016-05-17 14:27:10.941173,complete,User_15
27,O_Cancelled,2016-05-17 14:27:10.942173,complete,User_114
27,O_Create Offer,2016-05-17 14:27:11.405173,complete,User_21
27,O_Created,2016-05-17 14:27:11.494173,complete,User_22
27,O_Cancelled,2016-05-17 14:27:11.495173,complete,User_120
27,O_Create Offer,2016-05-17 14:27:11.958173,complete,User_26
27,O_Created,2016-05-17 14:27:12.047173,complete,User_28
27,O_Sent (mail and online),2016-05-17 14:27:12.048173,complete,User_3
27,A_Complete,2016-05-17 14:27:13.594173,complete,User_31
37,W_Handle leads,2016-05-17 14:28:34.642393,complete,User_10
37,A_Concept,2016-05-17 14:28:34.646393,complete,User_3
37,W_Complete application,2016-05-17 14:28:34.686112,start,User_35
38,A_Create Application,2016-05-17 14:30:34.295657,complete,User_36
38,A_Submitted,2016-05-17 14:30:34.393657,complete,User_1
38,W_Handle leads,2016-05-17 14:30:34.771983,start,User_10
38,W_Handle leads,2016-05-17 14:33:48.976496,complete,User_10
38,A_Concept,2016-05-17 14:33:48.980496,complete,User_10
38,W_Complete application,2016-05-17 14:33:49.919518,start,User_14
39,A_Create Application,2016-05-17 14:37:38.806750,complete,User_15
39,A_Submitted,2016-05-17 14:37:38.904750,complete,User_1
39,W_Handle leads,2016-05-17 14:37:39.035130,start,User_10
28,W_Complete application,2016-05-17 14:40:50.357970,complete,User_104
28,A_Accepted,2016-05-17 14:40:51.381970,complete,User_104
28,O_Create Offer,2016-05-17 14:40:51.844970,complete,User_15
28,O_Created,2016-05-17 14:40:51.933970,complete,User_16
28,O_Sent (mail and online),2016-05-17 14:40:51.934970,complete,User_17
39,W_Handle leads,2016-05-17 14:40:53.239643,complete,User_10
39,A_Concept,2016-05-17 14:40:53.243643,complete,User_17
28,A_Complete,2016-05-17 14:40:53.480970,complete,User_18
39,W_Complete application,2016-05-17 14:40:53.973275,start,User_21
29,W_Complete application,2016-05-17 14:47:04.158748,complete,User_23
29,A_Accepted,2016-05-17 14:47:05.182748,complete,User_22
29,O_Create Offer,2016-05-17 14:47:05.645748,complete,User_24
29,O_Created,2016-05-17 14:47:05.734748,complete,User_26
29,O_Sent (mail and online),2016-05-17 14:47:05.735748,complete,User_28
29,A_Complete,2016-05-17 14:47:07.281748,complete,User_3
40,A_Create Application,2016-05-17 14:47:31.486712,complete,User_28
40,A_Submitted,2016-05-17 14:47:31.584712,complete,User_1
40,W_Handle leads,2016-05-17 14:47:31.684454,start,User_104
40,W_Handle leads,2016-05-17 14:50:45.888967,complete,User_104
40,A_Concept,2016-05-17 14:50:45.892967,complete,User_104
40,W_Complete application,2016-05-17 14:50:46.261996,start,User_15
41,A_Create Application,2016-05-17 14:59:51.136383,complete,User_18
41,A_Submitted,2016-05-17 14:59:51.234383,complete,User_1
41,W_Handle leads,2016-05-17 14:59:52.082313,start,User_104
41,W_Handle leads,2016-05-17 15:03:06.286826,complete,User_104
41,A_Concept,2016-05-17 15:03:06.290826,complete,User_18
41,W_Complete application,2016-05-17 15:03:06.931269,start,User_22
42,A_Create Application,2016-05-17 15:06:41.588825,complete,User_24
42,A_Submitted,2016-05-17 15:06:41.686825,complete,User_1
42,W_Handle leads,2016-05-17 15:06:42.389236,start,User_18
30,W_Complete application,2016-05-17 15:07:30.002439,complete,User_105
30,A_Accepted,2016-05-17 15:07:31.026439,complete,User_24
30,O_Create Offer,2016-05-17 15:07:31.489439,complete,User_26
30,O_Created,2016-05-17 15:07:31.578439,complete,User_28
30,O_Cancelled,2016-05-17 15:07:31.579439,complete,User_133
30,O_Cancelled,2016-05-17 15:07:31.580439,complete,User_19
30,O_Create Offer,2016-05-17 15:07:32.043439,complete,User_51
30,O_Created,2016-05-17 15:07:32.132439,complete,User_52
30,O_Cancelled,2016-05-17 15:07:32.133439,complete,User_24
30,O_Create Offer,2016-05-17 15:07:32.596439,complete,User_57
30,O_Created,2016-05-17 15:07:32.685439,complete,User_62
30,O_Cancelled,2016-05-17 15:07:32.686439,complete,User_39
30,O_Create Offer,2016-05-17 15:07:33.149439,complete,User_70
30,O_Created,2016-05-17 15:07:33.238439,complete,User_71
30,O_Cancelled,2016-05-17 15:07:33.239439,complete,User_44
30,O_Cancelled,2016-05-17 15:07:33.240439,complete,User_46
30,O_Cancelled,2016-05-17 15:07:33.241439,complete,User_48
30,O_Cancelled,2016-05-17 15:07:33.242439,complete,User_51
30,O_Cancelled,2016-05-17 15:07:33.243439,complete,User_52
30,O_Cancelled,2016-05-17 15:07:33.244439,complete,User_53
30,O_Create Offer,2016-05-17 15:07:33.707439,complete,User_91
30,O_Created,2016-05-17 15:07:33.796439,complete,User_92
30,O_Cancelled,2016-05-17 15:07:33.797439,complete,User_62
30,O_Create Offer,2016-05-17 15:07:34.260439,complete,User_105
30,O_Created,2016-05-17 15:07:34.349439,complete,User_19
30,O_Cancelled,2016-05-17 15:07:34.350439,complete,User_133
30,O_Create Offer,2016-05-17 15:07:34.813439,complete,User_39
30,O_Created,2016-05-17 15:07:34.902439,complete,User_44
30,O_Sent (mail and online),2016-05-17 15:07:34.903439,complete,User_46
30,A_Complete,2016-05-17 15:07:36.449439,complete,User_48
42,W_Handle leads,2016-05-17 15:09:56.593749,complete,User_18
42,A_Concept,2016-05-17 15:09:56.597749,complete,User_48
42,W_Complete application,2016-05-17 15:09:57.092118,start,User_51
43,A_Create Application,2016-05-17 15:15:48.201583,complete,User_52
43,A_Submitted,2016-05-17 15:15:48.299583,complete,User_1
43,W_Handle leads,2016-05-17 15:15:48.425671,start,User_105
43,W_Handle leads,2016-05-17 15:19:02.630184,complete,User_105
43,A_Concept,2016-05-17 15:19:02.634184,complete,User_105
43,W_Complete application,2016-05-17 15:19:03.437056,start,User_18
31,W_Complete application,2016-05-17 15:20:46.353133,complete,User_12
31,A_Accepted,2016-05-17 15:20:47.377133,complete,User_19
31,O_Create Offer,2016-05-17 15:20:47.840133,complete,User_26
31,O_Created,2016-05-17 15:20:47.929133,complete,User_28
31,O_Cancelled,2016-05-17 15:20:47.930133,complete,User_133
31,O_Cancelled,2016-05-17 15:20:47.931133,complete,User_19
31,O_Cancelled,2016-05-17 15:20:47.932133,complete,User_26
31,O_Cancelled,2016-05-17 15:20:47.933133,complete,User_28
31,O_Cancelled,2016-05-17 15:20:47.934133,complete,User_44
31,O_Cancelled,2016-05-17 15:20:47.935133,complete,User_46
31,O_Cancelled,2016-05-17 15:20:47.936133,complete,User_48
31,O_Create Offer,2016-05-17 15:20:48.399133,complete,User_80
31,O_Created,2016-05-17 15:20:48.488133,complete,User_81
31,O_Cancelled,2016-05-17 15:20:48.489133,complete,User_52
31,O_Cancelled,2016-05-17 15:20:48.490133,complete,User_53
31,O_Cancelled,2016-05-17 15:20:48.491133,complete,User_57
31,O_Cancelled,2016-05-17 15:20:48.492133,complete,User_61
31,O_Cancelled,2016-05-17 15:20:48.493133,complete,User_62
31,O_Cancelled,2016-05-17 15:20:48.494133,complete,User_65
31,O_Cancelled,2016-05-17 15:20:48.495133,complete,User_69
31,O_Create Offer,2016-05-17 15:20:48.958133,complete,User_19
31,O_Created,2016-05-17 15:20:49.047133,complete,User_26
31,O_Sent (mail and online),2016-05-17 15:20:49.048133,complete,User_28
31,A_Complete,2016-05-17 15:20:50.594133,complete,User_44
32,W_Complete application,2016-05-17 15:24:45.393583,complete,User_13
32,A_Accepted,2016-05-17 15:24:46.417583,complete,User_46
32,O_Create Offer,2016-05-17 15:24:46.880583,complete,User_48
32,O_Created,2016-05-17 15:24:46.969583,complete,User_52
32,O_Sent (mail and online),2016-05-17 15:24:46.970583,complete,User_53
32,A_Complete,2016-05-17 15:24:48.516583,complete,User_57
44,A_Create Application,2016-05-17 15:26:05.155902,complete,User_57
44,A_Submitted,2016-05-17 15:26:05.253902,complete,User_1
44,W_Handle leads,2016-05-17 15:26:05.904473,start,User_105
45,A_Create Application,2016-05-17 15:27:13.406343,complete,User_12
45,A_Submitted,2016-05-17 15:27:13.504343,complete,User_1
45,W_Handle leads,2016-05-17 15:27:13.789546,start,User_12
44,W_Handle leads,2016-05-17 15:29:20.108986,complete,User_105
44,A_Concept,2016-05-17 15:29:20.112986,complete,User_13
44,W_Complete application,2016-05-17 15:29:20.391375,start,User_19
46,A_Create Application,2016-05-17 15:30:02.111007,complete,User_26
46,A_Submitted,2016-05-17 15:30:02.209007,complete,User_1
46,W_Handle leads,2016-05-17 15:30:02.666033,start,User_105
45,W_Handle leads,2016-05-17 15:30:27.994059,complete,User_12
45,A_Concept,2016-05-17 15:30:27.998059,complete,User_12
45,W_Complete application,2016-05-17 15:30:28.877134,start,User_26
33,W_Complete application,2016-05-17 15:31:01.212184,complete,User_20
33,A_Accepted,2016-05-17 15:31:02.236184,complete,User_44
33,O_Create Offer,2016-05-17 15:31:02.699184,complete,User_46
33,O_Created,2016-05-17 15:31:02.788184,complete,User_48
33,O_Sent (mail and online),2016-05-17 15:31:02.789184,complete,User_52
33,A_Complete,2016-05-17 15:31:04.335184,complete,User_53
34,W_Complete application,2016-05-17 15:31:59.264086,complete,User_2
34,A_Accepted,2016-05-17 15:32:00.288086,complete,User_57
34,O_Create Offer,2016-05-17 15:32:00.751086,complete,User_61
34,O_Created,2016-05-17 15:32:00.840086,complete,User_62
34,O_Cancelled,2016-05-17 15:32:00.841086,complete,User_44
34,O_Cancelled,2016-05-17 15:32:00.842086,complete,User_46
34,O_Create Offer,2016-05-17 15:32:01.305086,complete,User_79
34,O_Created,2016-05-17 15:32:01.394086,complete,User_80
34,O_Cancelled,2016-05-17 15:32:01.395086,complete,User_52
34,O_Create Offer,2016-05-17 15:32:01.858086,complete,User_88
34,O_Created,2016-05-17 15:32:01.947086,complete,User_91
34,O_Sent (mail and online),2016-05-17 15:32:01.948086,complete,User_92
34,A_Complete,2016-05-17 15:32:03.494086,complete,User_97
46,W_Handle leads,2016-05-17 15:33:16.870546,complete,User_105
46,A_Concept,2016-05-17 15:33:16.874546,complete,User_97
46,W_Complete application,2016-05-17 15:33:17.625943,start,User_105
35,W_Complete application,2016-05-17 15:33:37.856521,complete,User_33
35,A_Accepted,2016-05-17 15:33:38.880521,complete,User_12
35,O_Create Offer,2016-05-17 15:33:39.343521,complete,User_13
35,O_Created,2016-05-17 15:33:39.432521,complete,User_33
35,O_Cancelled,2016-05-17 15:33:39.433521,complete,User_13
35,O_Create Offer,2016-05-17 15:33:39.896521,complete,User_44
35,O_Created,2016-05-17 15:33:39.985521,complete,User_46
35,O_Cancelled,2016-05-17 15:33:39.986521,complete,User_33
35,O_Create Offer,2016-05-17 15:33:40.449521,complete,User_65
35,O_Created,2016-05-17 15:33:40.538521,complete,User_7
35,O_Cancelled,2016-05-17 15:33:40.539521,complete,User_44
35,O_Create Offer,2016-05-17 15:33:41.002521,complete,User_77
35,O_Created,2016-05-17 15:33:41.091521,complete,User_79
35,O_Cancelled,2016-05-17 15:33:41.092521,complete,User_48
35,O_Create Offer,2016-05-17 15:33:41.555521,complete,User_80
35,O_Created,2016-05-17 15:33:41.644521,complete,User_81
35,O_Sent (mail and online),2016-05-17 15:33:41.645521,complete,User_84
35,A_Complete,2016-05-17 15:33:43.191521,complete,User_85
36,W_Complete application,2016-05-17 15:34:45.838842,complete,User_37
36,A_Accepted,2016-05-17 15:34:46.862842,complete,User_88
36,O_Create Offer,2016-05-17 15:34:47.325842,complete,User_91
36,O_Created,2016-05-17 15:34:47.414842,complete,User_92
36,O_Sent (mail and online),2016-05-17 15:34:47.415842,complete,User_97
36,A_Complete,2016-05-17 15:34:48.961842,complete,User_98
47,A_Create Application,2016-05-17 15:38:27.463475,complete,User_1
47,A_Submitted,2016-05-17 15:38:27.561475,complete,User_1
47,W_Handle leads,2016-05-17 15:38:27.852176,start,User_12
47,W_Handle leads,2016-05-17 15:41:42.056689,complete,User_12
47,A_Concept,2016-05-17 15:41:42.060689,complete,User_12
47,W_Complete application,2016-05-17 15:41:42.864016,start,User_33
48,A_Create Application,2016-05-17 15:52:33.071585,complete,User_44
48,A_Submitted,2016-05-17 15:52:33.169585,complete,User_1
48,W_Handle leads,2016-05-17 15:52:33.436132,start,User_12
37,W_Complete application,2016-05-17 15:53:30.293586,complete,User_35
37,A_Accepted,2016-05-17 15:53:31.317586,complete,User_13
37,O_Create Offer,2016-05-17 15:53:31.780586,complete,User_35
37,O_Created,2016-05-17 15:53:31.869586,complete,User_44
37,O_Sent (mail and online),2016-05-17 15:53:31.870586,complete,User_46
37,A_Complete,2016-05-17 15:53:33.416586,complete,User_48
48,W_Handle leads,2016-05-17 15:55:47.640645,complete,User_12
48,A_Concept,2016-05-17 15:55:47.644645,complete,User_48
48,W_Complete application,2016-05-17 15:55:48.016422,start,User_52
49,A_Create Application,2016-05-17 15:57:13.738339,complete,User_53
49,A_Submitted,2016-05-17 15:57:13.836339,complete,User_1
49,W_Handle leads,2016-05-17 15:57:13.920630,start,User_13
38,W_Complete application,2016-05-17 15:58:45.526992,complete,User_14
38,A_Accepted,2016-05-17 15:58:46.550992,complete,User_35
38,O_Create Offer,2016-05-17 15:58:47.013992,complete,User_44
38,O_Created,2016-05-17 15:58:47.102992,complete,User_46
38,O_Cancelled,2016-05-17 15:58:47.103992,complete,User_35
38,O_Cancelled,2016-05-17 15:58:47.104992,complete,User_44
38,O_Create Offer,2016-05-17 15:58:47.567992,complete,User_79
38,O_Created,2016-05-17 15:58:47.656992,complete,User_80
38,O_Sent (mail and online),2016-05-17 15:58:47.657992,complete,User_81
38,A_Complete,2016-05-17 15:58:49.203992,complete,User_84
49,W_Handle leads,2016-05-17 16:00:28.125143,complete,User_13
49,A_Concept,2016-05-17 16:00:28.129143,complete,User_80
49,W_Complete application,2016-05-17 16:00:28.244546,start,User_88
50,A_Create Application,2016-05-17 16:01:10.117273,complete,User_85
50,A_Submitted,2016-05-17 16:01:10.215273,complete,User_1
50,W_Handle leads,2016-05-17 16:01:10.828711,start,User_13
51,A_Create Application,2016-05-17 16:03:28.531599,complete,User_35
51,A_Submitted,2016-05-17 16:03:28.629599,complete,User_1
51,W_Handle leads,2016-05-17 16:03:29.545348,start,User_35
50,W_Handle leads,2016-05-17 16:04:25.033224,complete,User_13
50,A_Concept,2016-05-17 16:04:25.037224,complete,User_44
50,W_Complete application,2016-05-17 16:04:25.479932,start,User_48
52,A_Create Application,2016-05-17 16:05:08.353427,complete,User_53
52,A_Submitted,2016-05-17 16:05:08.451427,complete,User_1
52,W_Handle leads,2016-05-17 16:05:08.486912,start,User_13
39,W_Complete application,2016-05-17 16:05:49.580749,complete,User_21
39,A_Accepted,2016-05-17 16:05:50.604749,complete,User_44
39,O_Create Offer,2016-05-17 16:05:51.067749,complete,User_46
39,O_Created,2016-05-17 16:05:51.156749,complete,User_53
39,O_Sent (mail and online),2016-05-17 16:05:51.157749,complete,User_56
39,A_Complete,2016-05-17 16:05:52.703749,complete,User_57
51,W_Handle leads,2016-05-17 16:06:43.749861,complete,User_35
51,A_Concept,2016-05-17 16:06:43.753861,complete,User_56
51,W_Complete application,2016-05-17 16:06:44.110486,start,User_61
52,W_Handle leads,2016-05-17 16:08:22.691425,complete,User_13
52,A_Concept,2016-05-17 16:08:22.695425,complete,User_64
52,W_Complete application,2016-05-17 16:08:22.821988,start,User_7
40,W_Complete application,2016-05-17 16:15:41.869470,complete,User_15
40,A_Accepted,2016-05-17 16:15:42.893470,complete,User_70
40,O_Create Offer,2016-05-17 16:15:43.356470,complete,User_71
40,O_Created,2016-05-17 16:15:43.445470,complete,User_74
40,O_Cancelled,2016-05-17 16:15:43.446470,complete,User_44
40,O_Create Offer,2016-05-17 16:15:43.909470,complete,User_79
40,O_Created,2016-05-17 16:15:43.998470,complete,User_80
40,O_Cancelled,2016-05-17 16:15:43.999470,complete,User_53
40,O_Cancelled,2016-05-17 16:15:44.000470,complete,User_56
40,O_Create Offer,2016-05-17 16:15:44.463470,complete,User_92
40,O_Created,2016-05-17 16:15:44.552470,complete,User_98
40,O_Sent (mail and online),2016-05-17 16:15:44.553470,complete,User_13
40,A_Complete,2016-05-17 16:15:46.099470,complete,User_15
53,A_Create Application,2016-05-17 16:18:27.051851,complete,User_15
53,A_Submitted,2016-05-17 16:18:27.149851,complete,User_1
53,W_Handle leads,2016-05-17 16:18:27.866561,start,User_13
54,A_Create Application,2016-05-17 16:19:26.962805,complete,User_15
54,A_Submitted,2016-05-17 16:19:27.060805,complete,User_1
54,W_Handle leads,2016-05-17 16:19:27.200283,start,User_15
53,W_Handle leads,2016-05-17 16:21:42.071074,complete,User_13
53,A_Concept,2016-05-17 16:21:42.075074,complete,User_35
53,W_Complete application,2016-05-17 16:21:42.235617,start,User_38
54,W_Handle leads,2016-05-17 16:22:41.404796,complete,User_15
54,A_Concept,2016-05-17 16:22:41.408796,complete,User_44
54,W_Complete application,2016-05-17 16:22:42.354261,start,User_53
41,W_Complete application,2016-05-17 16:28:02.538743,complete,User_22
41,A_Accepted,2016-05-17 16:28:03.562743,complete,User_56
41,O_Create Offer,2016-05-17 16:28:04.025743,complete,User_57
41,O_Created,2016-05-17 16:28:04.114743,complete,User_65
41,O_Sent (mail and online),2016-05-17 16:28:04.115743,complete,User_70
41,A_Complete,2016-05-17 16:28:05.661743,complete,User_71
42,W_Complete application,2016-05-17 16:34:52.699592,complete,User_51
42,A_Accepted,2016-05-17 16:34:53.723592,complete,User_74
42,O_Create Offer,2016-05-17 16:34:54.186592,complete,User_76
42,O_Created,2016-05-17 16:34:54.275592,complete,User_79
42,O_Sent (mail and online),2016-05-17 16:34:54.276592,complete,User_80
42,A_Complete,2016-05-17 16:34:55.822592,complete,User_84
43,W_Complete application,2016-05-17 16:43:59.044530,complete,User_18
43,A_Accepted,2016-05-17 16:44:00.068530,complete,User_92
43,O_Create Offer,2016-05-17 16:44:00.531530,complete,User_98
43,O_Created,2016-05-17 16:44:00.620530,complete,User_13
43,O_Cancelled,2016-05-17 16:44:00.621530,complete,User_114
43,O_Cancelled,2016-05-17 16:44:00.622530,complete,User_13
43,O_Create Offer,2016-05-17 16:44:01.085530,complete,User_35
43,O_Created,2016-05-17 16:44:01.174530,complete,User_44
43,O_Sent (mail and online),2016-05-17 16:44:01.175530,complete,User_46
43,A_Complete,2016-05-17 16:44:02.721530,complete,User_51
55,A_Create Application,2016-05-17 16:49:53.996906,complete,User_51
55,A_Submitted,2016-05-17 16:49:54.094906,complete,User_1
55,W_Handle leads,2016-05-17 16:49:54.703793,start,User_13
56,A_Create Application,2016-05-17 16:52:40.835557,complete,User_15
56,A_Submitted,2016-05-17 16:52:40.933557,complete,User_1
56,W_Handle leads,2016-05-17 16:52:41.121202,start,User_15
57,A_Create Application,2016-05-17 16:52:43.399760,complete,User_35
57,A_Submitted,2016-05-17 16:52:43.497760,complete,User_1
57,W_Handle leads,2016-05-17 16:52:44.157416,start,User_35
55,W_Handle leads,2016-05-17 16:53:08.908306,complete,User_13
55,A_Concept,2016-05-17 16:53:08.912306,complete,User_44
55,W_Complete application,2016-05-17 16:53:09.064387,start,User_51
44,W_Complete application,2016-05-17 16:54:15.998849,complete,User_19
44,A_Accepted,2016-05-17 16:54:17.022849,complete,User_56
44,O_Create Offer,2016-05-17 16:54:17.485849,complete,User_57
44,O_Created,2016-05-17 16:54:17.574849,complete,User_65
44,O_Cancelled,2016-05-17 16:54:17.575849,complete,User_44
44,O_Create Offer,2016-05-17 16:54:18.038849,complete,User_79
44,O_Created,2016-05-17 16:54:18.127849,complete,User_80
44,O_Cancelled,2016-05-17 16:54:18.128849,complete,User_56
44,O_Cancelled,2016-05-17 16:54:18.129849,complete,User_57
44,O_Create Offer,2016-05-17 16:54:18.592849,complete,User_98
44,O_Created,2016-05-17 16:54:18.681849,complete,User_13
44,O_Cancelled,2016-05-17 16:54:18.682849,complete,User_114
44,O_Create Offer,2016-05-17 16:54:19.145849,complete,User_19
44,O_Created,2016-05-17 16:54:19.234849,complete,User_44
44,O_Cancelled,2016-05-17 16:54:19.235849,complete,User_19
44,O_Create Offer,2016-05-17 16:54:19.698849,complete,User_56
44,O_Created,2016-05-17 16:54:19.787849,complete,User_57
44,O_Sent (mail and online),2016-05-17 16:54:19.788849,complete,User_65
44,A_Complete,2016-05-17 16:54:21.334849,complete,User_70
45,W_Complete application,2016-05-17 16:55:24.484608,complete,User_26
45,A_Accepted,2016-05-17 16:55:25.508608,complete,User_74
45,O_Create Offer,2016-05-17 16:55:25.971608,complete,User_76
45,O_Created,2016-05-17 16:55:26.060608,complete,User_79
45,O_Sent (mail and online),2016-05-17 16:55:26.061608,complete,User_80
45,A_Complete,2016-05-17 16:55:27.607608,complete,User_84
58,A_Create Application,2016-05-17 16:55:44.756019,complete,User_80
58,A_Submitted,2016-05-17 16:55:44.854019,complete,User_1
58,W_Handle leads,2016-05-17 16:55:45.544151,start,User_13
56,W_Handle leads,2016-05-17 16:55:55.325715,complete,User_15
56,A_Concept,2016-05-17 16:55:55.329715,complete,User_15
56,W_Complete application,2016-05-17 16:55:56.007836,start,User_19
57,W_Handle leads,2016-05-17 16:55:58.361929,complete,User_35
57,A_Concept,2016-05-17 16:55:58.365929,complete,User_35
57,W_Complete application,2016-05-17 16:55:58.417062,start,User_44
59,A_Create Application,2016-05-17 16:56:49.019003,complete,User_46
59,A_Submitted,2016-05-17 16:56:49.117003,complete,User_1
59,W_Handle leads,2016-05-17 16:56:49.656935,start,User_15
46,W_Complete application,2016-05-17 16:58:13.233417,complete,User_105
46,A_Accepted,2016-05-17 16:58:14.257417,complete,User_35
46,O_Create Offer,2016-05-17 16:58:14.720417,complete,User_46
46,O_Created,2016-05-17 16:58:14.809417,complete,User_56
46,O_Cancelled,2016-05-17 16:58:14.810417,complete,User_35
46,O_Create Offer,2016-05-17 16:58:15.273417,complete,User_70
46,O_Created,2016-05-17 16:58:15.362417,complete,User_74
46,O_Sent (mail and online),2016-05-17 16:58:15.363417,complete,User_76
46,A_Complete,2016-05-17 16:58:16.909417,complete,User_79
58,W_Handle leads,2016-05-17 16:58:59.748664,complete,User_13
58,A_Concept,2016-05-17 16:58:59.752664,complete,User_79
58,W_Complete application,2016-05-17 16:58:59.848473,start,User_84
59,W_Handle leads,2016-05-17 17:00:03.861448,complete,User_15
59,A_Concept,2016-05-17 17:00:03.865448,complete,User_80
59,W_Complete application,2016-05-17 17:00:04.462683,start,User_92
47,W_Complete application,2016-05-17 17:06:38.471490,complete,User_33
47,A_Accepted,2016-05-17 17:06:39.495490,complete,User_98
47,O_Create Offer,2016-05-17 17:06:39.958490,complete,User_105
47,O_Created,2016-05-17 17:06:40.047490,complete,User_13
47,O_Sent (mail and online),2016-05-17 17:06:40.048490,complete,User_15
47,A_Complete,2016-05-17 17:06:41.594490,complete,User_33
60,A_Create Application,2016-05-17 17:12:42.474540,complete,User_33
60,A_Submitted,2016-05-17 17:12:42.572540,complete,User_1
60,W_Handle leads,2016-05-17 17:12:42.579879,start,User_105
61,A_Create Application,2016-05-17 17:15:54.204864,complete,User_13
61,A_Submitted,2016-05-17 17:15:54.302864,complete,User_1
61,W_Handle leads,2016-05-17 17:15:54.474098,start,User_13
60,W_Handle leads,2016-05-17 17:15:56.784392,complete,User_105
60,A_Concept,2016-05-17 17:15:56.788392,complete,User_15
60,W_Complete application,2016-05-17 17:15:57.077292,start,User_33
61,W_Handle leads,2016-05-17 17:19:08.678611,complete,User_13
61,A_Concept,2016-05-17 17:19:08.682611,complete,User_35
61,W_Complete application,2016-05-17 17:19:09.290806,start,User_46
48,W_Complete application,2016-05-17 17:20:43.623896,complete,User_52
48,A_Accepted,2016-05-17 17:20:44.647896,complete,User_52
48,O_Create Offer,2016-05-17 17:20:45.110896,complete,User_56
48,O_Created,2016-05-17 17:20:45.199896,complete,User_57
48,O_Sent (mail and online),2016-05-17 17:20:45.200896,complete,User_65
48,A_Complete,2016-05-17 17:20:46.746896,complete,User_70
62,A_Create Application,2016-05-17 17:25:23.297585,complete,User_70
62,A_Submitted,2016-05-17 17:25:23.395585,complete,User_1
62,W_Handle leads,2016-05-17 17:25:23.492158,start,User_105
49,W_Complete application,2016-05-17 17:25:23.852020,complete,User_88
49,A_Accepted,2016-05-17 17:25:24.876020,complete,User_15
49,O_Create Offer,2016-05-17 17:25:25.339020,complete,User_35
49,O_Created,2016-05-17 17:25:25.428020,complete,User_52
49,O_Sent (mail and online),2016-05-17 17:25:25.429020,complete,User_56
49,A_Complete,2016-05-17 17:25:26.975020,complete,User_57
62,W_Handle leads,2016-05-17 17:28:37.696671,complete,User_105
62,A_Concept,2016-05-17 17:28:37.700671,complete,User_56
62,W_Complete application,2016-05-17 17:28:38.666720,start,User_65
50,W_Complete application,2016-05-17 17:29:21.087406,complete,User_48
50,A_Accepted,2016-05-17 17:29:22.111406,complete,User_70
50,O_Create Offer,2016-05-17 17:29:22.574406,complete,User_76
50,O_Created,2016-05-17 17:29:22.663406,complete,User_79
50,O_Sent (mail and online),2016-05-17 17:29:22.664406,complete,User_80
50,A_Complete,2016-05-17 17:29:24.210406,complete,User_98
51,W_Complete application,2016-05-17 17:31:39.717960,complete,User_61
51,A_Accepted,2016-05-17 17:31:40.741960,complete,User_105
51,O_Create Offer,2016-05-17 17:31:41.204960,complete,User_15
51,O_Created,2016-05-17 17:31:41.293960,complete,User_35
51,O_Sent (mail and online),2016-05-17 17:31:41.294960,complete,User_48
51,A_Complete,2016-05-17 17:31:42.840960,complete,User_52
63,A_Create Application,2016-05-17 17:32:21.466920,complete,User_52
63,A_Submitted,2016-05-17 17:32:21.564920,complete,User_1
63,W_Handle leads,2016-05-17 17:32:21.690787,start,User_105
52,W_Complete application,2016-05-17 17:33:18.429462,complete,User_7
52,A_Accepted,2016-05-17 17:33:19.453462,complete,User_15
52,O_Create Offer,2016-05-17 17:33:19.916462,complete,User_35
52,O_Created,2016-05-17 17:33:20.005462,complete,User_48
52,O_Sent (mail and online),2016-05-17 17:33:20.006462,complete,User_52
52,A_Complete,2016-05-17 17:33:21.552462,complete,User_56
63,W_Handle leads,2016-05-17 17:35:35.895300,complete,User_105
63,A_Concept,2016-05-17 17:35:35.899300,complete,User_56
63,W_Complete application,2016-05-17 17:35:36.063257,start,User_61
53,W_Complete application,2016-05-17 17:46:37.843091,complete,User_38
53,A_Accepted,2016-05-17 17:46:38.867091,complete,User_7
53,O_Create Offer,2016-05-17 17:46:39.330091,complete,User_70
53,O_Created,2016-05-17 17:46:39.419091,complete,User_76
53,O_Cancelled,2016-05-17 17:46:39.420091,complete,User_48
53,O_Create Offer,2016-05-17 17:46:39.883091,complete,User_80
53,O_Created,2016-05-17 17:46:39.972091,complete,User_98
53,O_Sent (mail and online),2016-05-17 17:46:39.973091,complete,User_105
53,A_Complete,2016-05-17 17:46:41.519091,complete,User_15
54,W_Complete application,2016-05-17 17:47:37.961735,complete,User_53
54,A_Accepted,2016-05-17 17:47:38.985735,complete,User_35
54,O_Create Offer,2016-05-17 17:47:39.448735,complete,User_38
54,O_Created,2016-05-17 17:47:39.537735,complete,User_48
54,O_Cancelled,2016-05-17 17:47:39.538735,complete,User_35
54,O_Create Offer,2016-05-17 17:47:40.001735,complete,User_7
54,O_Created,2016-05-17 17:47:40.090735,complete,User_70
54,O_Cancelled,2016-05-17 17:47:40.091735,complete,User_48
54,O_Create Offer,2016-05-17 17:47:40.554735,complete,User_80
54,O_Created,2016-05-17 17:47:40.643735,complete,User_98
54,O_Cancelled,2016-05-17 17:47:40.644735,complete,User_1
54,O_Create Offer,2016-05-17 17:47:41.107735,complete,User_105
54,O_Created,2016-05-17 17:47:41.196735,complete,User_15
54,O_Cancelled,2016-05-17 17:47:41.197735,complete,User_133
54,O_Create Offer,2016-05-17 17:47:41.660735,complete,User_48
54,O_Created,2016-05-17 17:47:41.749735,complete,User_52
54,O_Cancelled,2016-05-17 17:47:41.750735,complete,User_35
54,O_Create Offer,2016-05-17 17:47:42.213735,complete,User_7
54,O_Created,2016-05-17 17:47:42.302735,complete,User_70
54,O_Sent (mail and online),2016-05-17 17:47:42.303735,complete,User_76
54,A_Complete,2016-05-17 17:47:43.849735,complete,User_80
64,A_Create Application,2016-05-17 17:52:20.759948,complete,User_80
64,A_Submitted,2016-05-17 17:52:20.857948,complete,User_1
64,W_Handle leads,2016-05-17 17:52:21.746725,start,User_105
65,A_Create Application,2016-05-17 17:54:43.912866,complete,User_15
65,A_Submitted,2016-05-17 17:54:44.010866,complete,User_1
65,W_Handle leads,2016-05-17 17:54:44.197131,start,User_15
66,A_Create Application,2016-05-17 17:55:22.160856,complete,User_35
66,A_Submitted,2016-05-17 17:55:22.258856,complete,User_1
66,W_Handle leads,2016-05-17 17:55:22.856061,start,User_35
64,W_Handle leads,2016-05-17 17:55:35.951238,complete,User_105
64,A_Concept,2016-05-17 17:55:35.955238,complete,User_38
64,W_Complete application,2016-05-17 17:55:36.859541,start,User_48
67,A_Create Application,2016-05-17 17:57:27.512448,complete,User_52
67,A_Submitted,2016-05-17 17:57:27.610448,complete,User_1
67,W_Handle leads,2016-05-17 17:57:28.114062,start,User_105
65,W_Handle leads,2016-05-17 17:57:58.401644,complete,User_15
65,A_Concept,2016-05-17 17:57:58.405644,complete,User_15
65,W_Complete application,2016-05-17 17:57:58.672388,start,User_38
66,W_Handle leads,2016-05-17 17:58:37.060574,complete,User_35
66,A_Concept,2016-05-17 17:58:37.064574,complete,User_52
66,W_Complete application,2016-05-17 17:58:37.704174,start,User_56
67,W_Handle leads,2016-05-17 18:00:42.318575,complete,User_105
67,A_Concept,2016-05-17 18:00:42.322575,complete,User_57
67,W_Complete application,2016-05-17 18:00:43.160537,start,User_7
68,A_Create Application,2016-05-17 18:13:44.191422,complete,User_76
68,A_Submitted,2016-05-17 18:13:44.289422,complete,User_1
68,W_Handle leads,2016-05-17 18:13:44.318117,start,User_15
68,W_Handle leads,2016-05-17 18:16:58.522630,complete,User_15
68,A_Concept,2016-05-17 18:16:58.526630,complete,User_15
68,W_Complete application,2016-05-17 18:16:59.177019,start,User_35
55,W_Complete application,2016-05-17 18:18:04.671861,complete,User_51
55,A_Accepted,2016-05-17 18:18:05.695861,complete,User_51
55,O_Create Offer,2016-05-17 18:18:06.158861,complete,User_52
55,O_Created,2016-05-17 18:18:06.247861,complete,User_53
55,O_Cancelled,2016-05-17 18:18:06.248861,complete,User_51
55,O_Create Offer,2016-05-17 18:18:06.711861,complete,User_15
55,O_Created,2016-05-17 18:18:06.800861,complete,User_51
55,O_Sent (mail and online),2016-05-17 18:18:06.801861,complete,User_52
55,A_Complete,2016-05-17 18:18:08.347861,complete,User_53
56,W_Complete application,2016-05-17 18:20:51.615310,complete,User_19
56,A_Accepted,2016-05-17 18:20:52.639310,complete,User_57
56,O_Create Offer,2016-05-17 18:20:53.102310,complete,User_76
56,O_Created,2016-05-17 18:20:53.191310,complete,User_80
56,O_Cancelled,2016-05-17 18:20:53.192310,complete,User_51
56,O_Create Offer,2016-05-17 18:20:53.655310,complete,User_15
56,O_Created,2016-05-17 18:20:53.744310,complete,User_19
56,O_Sent (mail and online),2016-05-17 18:20:53.745310,complete,User_51
57,W_Complete application,2016-05-17 18:20:54.024536,complete,User_44
57,A_Accepted,2016-05-17 18:20:55.048536,complete,User_53
56,A_Complete,2016-05-17 18:20:55.291310,complete,User_52
57,O_Create Offer,2016-05-17 18:20:55.511536,complete,User_57
57,O_Created,2016-05-17 18:20:55.600536,complete,User_76
57,O_Cancelled,2016-05-17 18:20:55.601536,complete,User_51
57,O_Create Offer,2016-05-17 18:20:56.064536,complete,User_15
57,O_Created,2016-05-17 18:20:56.153536,complete,User_19
57,O_Cancelled,2016-05-17 18:20:56.154536,complete,User_133
57,O_Cancelled,2016-05-17 18:20:56.155536,complete,User_15
57,O_Create Offer,2016-05-17 18:20:56.618536,complete,User_51
57,O_Created,2016-05-17 18:20:56.707536,complete,User_52
57,O_Sent (mail and online),2016-05-17 18:20:56.708536,complete,User_53
57,A_Complete,2016-05-17 18:20:58.254536,complete,User_57
58,W_Complete application,2016-05-17 18:23:55.455947,complete,User_84
58,A_Accepted,2016-05-17 18:23:56.479947,complete,User_76
58,O_Create Offer,2016-05-17 18:23:56.942947,complete,User_80
58,O_Created,2016-05-17 18:23:57.031947,complete,User_84
58,O_Cancelled,2016-05-17 18:23:57.032947,complete,User_51
58,O_Cancelled,2016-05-17 18:23:57.033947,complete,User_52
58,O_Cancelled,2016-05-17 18:23:57.034947,complete,User_53
58,O_Cancelled,2016-05-17 18:23:57.035947,complete,User_76
58,O_Create Offer,2016-05-17 18:23:57.498947,complete,User_19
58,O_Created,2016-05-17 18:23:57.587947,complete,User_44
58,O_Cancelled,2016-05-17 18:23:57.588947,complete,User_19
58,O_Create Offer,2016-05-17 18:23:58.051947,complete,User_51
58,O_Created,2016-05-17 18:23:58.140947,complete,User_52
58,O_Sent (mail and online),2016-05-17 18:23:58.141947,complete,User_53
58,A_Complete,2016-05-17 18:23:59.687947,complete,User_76
59,W_Complete application,2016-05-17 18:25:00.070157,complete,User_92
59,A_Accepted,2016-05-17 18:25:01.094157,complete,User_84
59,O_Create Offer,2016-05-17 18:25:01.557157,complete,User_92
59,O_Created,2016-05-17 18:25:01.646157,complete,User_19
59,O_Cancelled,2016-05-17 18:25:01.647157,complete,User_133
59,O_Create Offer,2016-05-17 18:25:02.110157,complete,User_44
59,O_Created,2016-05-17 18:25:02.199157,complete,User_51
59,O_Sent (mail and online),2016-05-17 18:25:02.200157,complete,User_52
59,A_Complete,2016-05-17 18:25:03.746157,complete,User_53
69,A_Create Application,2016-05-17 18:37:51.971646,complete,User_84
69,A_Submitted,2016-05-17 18:37:52.069646,complete,User_1
69,W_Handle leads,2016-05-17 18:37:52.504687,start,User_19
60,W_Complete application,2016-05-17 18:40:52.684766,complete,User_33
60,A_Accepted,2016-05-17 18:40:53.708766,complete,User_44
60,O_Create Offer,2016-05-17 18:40:54.171766,complete,User_92
60,O_Created,2016-05-17 18:40:54.260766,complete,User_44
60,O_Sent (mail and online),2016-05-17 18:40:54.261766,complete,User_92
60,A_Complete,2016-05-17 18:40:55.807766,complete,User_44
69,W_Handle leads,2016-05-17 18:41:06.709200,complete,User_19
69,A_Concept,2016-05-17 18:41:06.713200,complete,User_44
69,W_Complete application,2016-05-17 18:41:07.248870,start,User_92
61,W_Complete application,2016-05-17 18:44:04.898280,complete,User_46
61,A_Accepted,2016-05-17 18:44:05.922280,complete,User_19
61,O_Create Offer,2016-05-17 18:44:06.385280,complete,User_44
61,O_Created,2016-05-17 18:44:06.474280,complete,User_19
61,O_Cancelled,2016-05-17 18:44:06.475280,complete,User_133
61,O_Create Offer,2016-05-17 18:44:06.938280,complete,User_44
61,O_Created,2016-05-17 18:44:07.027280,complete,User_19
61,O_Sent (mail and online),2016-05-17 18:44:07.028280,complete,User_44
61,A_Complete,2016-05-17 18:44:08.574280,complete,User_19
70,A_Create Application,2016-05-17 18:51:34.688441,complete,User_19
70,A_Submitted,2016-05-17 18:51:34.786441,complete,User_1
70,W_Handle leads,2016-05-17 18:51:35.348833,start,User_19
62,W_Complete application,2016-05-17 18:53:34.274194,complete,User_65
62,A_Accepted,2016-05-17 18:53:35.298194,complete,User_65
62,O_Create Offer,2016-05-17 18:53:35.761194,complete,User_65
62,O_Created,2016-05-17 18:53:35.850194,complete,User_65
62,O_Cancelled,2016-05-17 18:53:35.851194,complete,User_65
62,O_Create Offer,2016-05-17 18:53:36.314194,complete,User_65
62,O_Created,2016-05-17 18:53:36.403194,complete,User_65
62,O_Sent (mail and online),2016-05-17 18:53:36.404194,complete,User_65
62,A_Complete,2016-05-17 18:53:37.950194,complete,User_65
71,A_Create Application,2016-05-17 18:54:19.513047,complete,User_65
71,A_Submitted,2016-05-17 18:54:19.611047,complete,User_1
71,W_Handle leads,2016-05-17 18:54:20.037204,start,User_65
70,W_Handle leads,2016-05-17 18:54:49.553346,complete,User_19
70,A_Concept,2016-05-17 18:54:49.557346,complete,User_1
70,W_Complete application,2016-05-17 18:54:50.346126,start,User_19
71,W_Handle leads,2016-05-17 18:57:34.241717,complete,User_65
71,A_Concept,2016-05-17 18:57:34.245717,complete,User_65
71,W_Complete application,2016-05-17 18:57:35.053577,start,User_65
63,W_Complete application,2016-05-17 19:00:31.670731,complete,User_61
72,A_Create Application,2016-05-17 19:05:48.951931,complete,User_1
72,A_Submitted,2016-05-17 19:05:49.049931,complete,User_1
73,A_Create Application,2016-05-17 19:11:25.476692,complete,User_1
73,A_Submitted,2016-05-17 19:11:25.574692,complete,User_1
64,W_Complete application,2016-05-17 19:20:32.467015,complete,User_48
65,W_Complete application,2016-05-17 19:22:54.279862,complete,User_38
66,W_Complete application,2016-05-17 19:23:33.311648,complete,User_56
74,A_Create Application,2016-05-17 19:25:24.884043,complete,User_1
74,A_Submitted,2016-05-17 19:25:24.982043,complete,User_1
67,W_Complete application,2016-05-17 19:25:38.768011,complete,User_7
75,A_Create Application,2016-05-17 19:25:51.785257,complete,User_1
75,A_Submitted,2016-05-17 19:25:51.883257,complete,User_1
68,W_Complete application,2016-05-17 19:41:54.784493,complete,User_35
76,A_Create Application,2016-05-17 19:47:04.630927,complete,User_1
76,A_Submitted,2016-05-17 19:47:04.728927,complete,User_1
77,A_Create Application,2016-05-17 19:48:26.990192,complete,User_1
77,A_Submitted,2016-05-17 19:48:27.088192,complete,User_1
78,A_Create Application,2016-05-17 19:49:35.194840,complete,User_1
78,A_Submitted,2016-05-17 19:49:35.292840,complete,User_1
79,A_Create Application,2016-05-17 19:59:49.027320,complete,User_1
79,A_Submitted,2016-05-17 19:59:49.125320,complete,User_1
80,A_Create Application,2016-05-17 20:03:02.118986,complete,User_1
80,A_Submitted,2016-05-17 20:03:02.216986,complete,User_1
69,W_Complete application,2016-05-17 20:06:02.856344,complete,User_92
70,W_Complete application,2016-05-17 20:19:45.953600,complete,User_19
71,W_Complete application,2016-05-17 20:22:30.661051,complete,User_65
81,A_Create Application,2016-05-17 20:26:35.271682,complete,User_1
81,A_Submitted,2016-05-17 20:26:35.369682,complete,User_1
82,A_Create Application,2016-05-17 20:33:01.172125,complete,User_1
82,A_Submitted,2016-05-17 20:33:01.270125,complete,User_1
83,A_Create Application,2016-05-17 20:50:09.700306,complete,User_1
83,A_Submitted,2016-05-17 20:50:09.798306,complete,User_1
84,A_Create Application,2016-05-17 20:51:40.857777,complete,User_1
84,A_Submitted,2016-05-17 20:51:40.955777,complete,User_1
85,A_Create Application,2016-05-17 20:55:23.757157,complete,User_1
85,A_Submitted,2016-05-17 20:55:23.855157,complete,User_1
86,A_Create Application,2016-05-17 20:59:57.417886,complete,User_1
86,A_Submitted,2016-05-17 20:59:57.515886,complete,User_1
87,A_Create Application,2016-05-17 21:15:54.732009,complete,User_1
87,A_Submitted,2016-05-17 21:15:54.830009,complete,User_1
88,A_Create Application,2016-05-17 21:22:44.304228,complete,User_1
88,A_Submitted,2016-05-17 21:22:44.402228,complete,User_1
89,A_Create Application,2016-05-17 21:25:22.827950,complete,User_1
89,A_Submitted,2016-05-17 21:25:22.925950,complete,User_1
90,A_Create Application,2016-05-17 21:27:18.031122,complete,User_1
90,A_Submitted,2016-05-17 21:27:18.129122,complete,User_1
91,A_Create Application,2016-05-17 21:47:02.655167,complete,User_1
91,A_Submitted,2016-05-17 21:47:02.753167,complete,User_1
92,A_Create Application,2016-05-17 21:59:07.112838,complete,User_1
92,A_Submitted,2016-05-17 21:59:07.210838,complete,User_1
93,A_Create Application,2016-05-17 21:59:15.299758,complete,User_1
93,A_Submitted,2016-05-17 21:59:15.397758,complete,User_1
94,A_Create Application,2016-05-17 21:59:45.108131,complete,User_1
94,A_Submitted,2016-05-17 21:59:45.206131,complete,User_1
95,A_Create Application,2016-05-17 22:09:26.758821,complete,User_1
95,A_Submitted,2016-05-17 22:09:26.856821,complete,User_1
96,A_Create Application,2016-05-17 22:30:10.262379,complete,User_1
96,A_Submitted,2016-05-17 22:30:10.360379,complete,User_1
97,A_Create Application,2016-05-17 22:35:03.040340,complete,User_1
97,A_Submitted,2016-05-17 22:35:03.138340,complete,User_1
98,A_Create Application,2016-05-18 05:03:00.001000,complete,User_1
98,A_Submitted,2016-05-18 05:03:00.099000,complete,User_1
99,A_Create Application,2016-05-18 05:18:00.001000,complete,User_1
99,A_Submitted,2016-05-18 05:18:00.099000,complete,User_1
100,A_Create Application,2016-05-18 05:33:00.001000,complete,User_1
100,A_Submitted,2016-05-18 05:33:00.099000,complete,User_1
74,W_Handle leads,2016-05-18 08:06:00.005532,start,User_23
74,W_Handle leads,2016-05-18 08:09:14.210045,complete,User_23
74,A_Concept,2016-05-18 08:09:14.214045,complete,User_23
74,W_Complete application,2016-05-18 08:09:14.948763,start,User_46
99,W_Handle leads,2016-05-18 08:21:00.182433,start,User_66
77,W_Handle leads,2016-05-18 08:21:00.595564,start,User_40
95,W_Handle leads,2016-05-18 08:21:00.667806,start,User_63
84,W_Handle leads,2016-05-18 08:21:00.687632,start,User_57
71,A_Accepted,2016-05-18 08:21:01.024000,complete,User_47
64,A_Accepted,2016-05-18 08:21:01.024000,complete,User_23
71,O_Create Offer,2016-05-18 08:21:01.487000,complete,User_47
64,O_Create Offer,2016-05-18 08:21:01.487000,complete,User_23
71,O_Created,2016-05-18 08:21:01.576000,complete,User_47
64,O_Created,2016-05-18 08:21:01.576000,complete,User_23
71,O_Sent (mail and online),2016-05-18 08:21:01.577000,complete,User_47
64,O_Cancelled,2016-05-18 08:21:01.577000,complete,User_23
64,O_Cancelled,2016-05-18 08:21:01.578000,complete,User_23
64,O_Create Offer,2016-05-18 08:21:02.041000,complete,User_23
64,O_Created,2016-05-18 08:21:02.130000,complete,User_23
64,O_Sent (mail and online),2016-05-18 08:21:02.131000,complete,User_23
71,A_Complete,2016-05-18 08:21:03.123000,complete,User_47
64,A_Complete,2016-05-18 08:21:03.677000,complete,User_23
99,W_Handle leads,2016-05-18 08:24:14.386946,complete,User_66
99,A_Concept,2016-05-18 08:24:14.390946,complete,User_23
99,W_Complete application,2016-05-18 08:24:14.513057,start,User_31
77,W_Handle leads,2016-05-18 08:24:14.800077,complete,User_40
77,A_Concept,2016-05-18 08:24:14.804077,complete,User_40
95,W_Handle leads,2016-05-18 08:24:14.872319,complete,User_63
95,A_Concept,2016-05-18 08:24:14.876319,complete,User_63
84,W_Handle leads,2016-05-18 08:24:14.892145,complete,User_57
84,A_Concept,2016-05-18 08:24:14.896145,complete,User_23
77,W_Complete application,2016-05-18 08:24:15.089919,start,User_47
84,W_Complete application,2016-05-18 08:24:15.168289,start,User_40
95,W_Complete application,2016-05-18 08:24:15.875788,start,User_11
97,W_Handle leads,2016-05-18 08:36:00.105427,start,User_32
90,W_Handle leads,2016-05-18 08:36:00.161470,start,User_63
82,W_Handle leads,2016-05-18 08:36:00.182998,start,User_76
83,W_Handle leads,2016-05-18 08:36:00.189836,start,User_58
85,W_Handle leads,2016-05-18 08:36:00.212101,start,User_12
81,W_Handle leads,2016-05-18 08:36:00.214094,start,User_79
80,W_Handle leads,2016-05-18 08:36:00.236950,start,User_66
93,W_Handle leads,2016-05-18 08:36:00.323323,start,User_35
86,W_Handle leads,2016-05-18 08:36:00.488682,start,User_28
91,W_Handle leads,2016-05-18 08:36:00.558013,start,User_57
88,W_Handle leads,2016-05-18 08:36:00.727190,start,User_23
98,W_Handle leads,2016-05-18 08:36:00.947318,start,User_59
68,A_Accepted,2016-05-18 08:36:01.024000,complete,User_56
68,O_Create Offer,2016-05-18 08:36:01.487000,complete,User_56
68,O_Created,2016-05-18 08:36:01.576000,complete,User_56
68,O_Sent (mail and online),2016-05-18 08:36:01.577000,complete,User_56
68,A_Complete,2016-05-18 08:36:03.123000,complete,User_56
97,W_Handle leads,2016-05-18 08:39:14.309940,complete,User_32
97,A_Concept,2016-05-18 08:39:14.313940,complete,User_56
90,W_Handle leads,2016-05-18 08:39:14.365983,complete,User_63
90,A_Concept,2016-05-18 08:39:14.369983,complete,User_54
82,W_Handle leads,2016-05-18 08:39:14.387511,complete,User_76
82,A_Concept,2016-05-18 08:39:14.391511,complete,User_76
83,W_Handle leads,2016-05-18 08:39:14.394349,complete,User_58
83,A_Concept,2016-05-18 08:39:14.398349,complete,User_56
85,W_Handle leads,2016-05-18 08:39:14.416614,complete,User_12
81,W_Handle leads,2016-05-18 08:39:14.418607,complete,User_79
85,A_Concept,2016-05-18 08:39:14.420614,complete,User_1
81,A_Concept,2016-05-18 08:39:14.422607,complete,User_12
80,W_Handle leads,2016-05-18 08:39:14.441463,complete,User_66
80,A_Concept,2016-05-18 08:39:14.445463,complete,User_66
81,W_Complete application,2016-05-18 08:39:14.507833,start,User_58
93,W_Handle leads,2016-05-18 08:39:14.527836,complete,User_35
93,A_Concept,2016-05-18 08:39:14.531836,complete,User_1
80,W_Complete application,2016-05-18 08:39:14.567510,start,User_79
86,W_Handle leads,2016-05-18 08:39:14.693195,complete,User_28
86,A_Concept,2016-05-18 08:39:14.697195,complete,User_28
91,W_Handle leads,2016-05-18 08:39:14.762526,complete,User_57
91,A_Concept,2016-05-18 08:39:14.766526,complete,User_57
97,W_Complete application,2016-05-18 08:39:14.769878,start,User_32
85,W_Complete application,2016-05-18 08:39:14.823914,start,User_56
83,W_Complete application,2016-05-18 08:39:14.905164,start,User_76
90,W_Complete application,2016-05-18 08:39:14.915457,start,User_63
88,W_Handle leads,2016-05-18 08:39:14.931703,complete,User_23
88,A_Concept,2016-05-18 08:39:14.935703,complete,User_1
93,W_Complete application,2016-05-18 08:39:15.040350,start,User_12
98,W_Handle leads,2016-05-18 08:39:15.151831,complete,User_59
98,A_Concept,2016-05-18 08:39:15.155831,complete,User_28
82,W_Complete application,2016-05-18 08:39:15.168713,start,User_54
86,W_Complete application,2016-05-18 08:39:15.204790,start,User_35
91,W_Complete application,2016-05-18 08:39:15.358037,start,User_66
88,W_Complete application,2016-05-18 08:39:15.382540,start,User_23
98,W_Complete application,2016-05-18 08:39:16.023241,start,User_57
76,W_Handle leads,2016-05-18 08:51:00.098526,start,User_71
87,W_Handle leads,2016-05-18 08:51:00.421941,start,User_7
89,W_Handle leads,2016-05-18 08:51:00.573416,start,User_15
75,W_Handle leads,2016-05-18 08:51:00.671763,start,User_86
78,W_Handle leads,2016-05-18 08:51:00.690430,start,User_59
92,W_Handle leads,2016-05-18 08:51:00.810312,start,User_28
69,A_Accepted,2016-05-18 08:51:01.024000,complete,User_78
66,A_Accepted,2016-05-18 08:51:01.024000,complete,User_17
67,A_Accepted,2016-05-18 08:51:01.024000,complete,User_74
69,O_Create Offer,2016-05-18 08:51:01.487000,complete,User_78
66,O_Create Offer,2016-05-18 08:51:01.487000,complete,User_17
67,O_Create Offer,2016-05-18 08:51:01.487000,complete,User_74
69,O_Created,2016-05-18 08:51:01.576000,complete,User_78
66,O_Created,2016-05-18 08:51:01.576000,complete,User_17
67,O_Created,2016-05-18 08:51:01.576000,complete,User_74
69,O_Sent (mail and online),2016-05-18 08:51:01.577000,complete,User_78
66,O_Cancelled,2016-05-18 08:51:01.577000,complete,User_1
67,O_Sent (mail and online),2016-05-18 08:51:01.577000,complete,User_17
66,O_Create Offer,2016-05-18 08:51:02.040000,complete,User_78
66,O_Created,2016-05-18 08:51:02.129000,complete,User_78
66,O_Sent (mail and online),2016-05-18 08:51:02.130000,complete,User_78
69,A_Complete,2016-05-18 08:51:03.123000,complete,User_74
67,A_Complete,2016-05-18 08:51:03.123000,complete,User_17
66,A_Complete,2016-05-18 08:51:03.676000,complete,User_78
76,W_Handle leads,2016-05-18 08:54:14.303039,complete,User_71
76,A_Concept,2016-05-18 08:54:14.307039,complete,User_78
87,W_Handle leads,2016-05-18 08:54:14.626454,complete,User_7
87,A_Concept,2016-05-18 08:54:14.630454,complete,User_7
89,W_Handle leads,2016-05-18 08:54:14.777929,complete,User_15
89,A_Concept,2016-05-18 08:54:14.781929,complete,User_78
75,W_Handle leads,2016-05-18 08:54:14.876276,complete,User_86
75,A_Concept,2016-05-18 08:54:14.880276,complete,User_7
78,W_Handle leads,2016-05-18 08:54:14.894943,complete,User_59
78,A_Concept,2016-05-18 08:54:14.898943,complete,User_86
76,W_Complete application,2016-05-18 08:54:15.001901,start,User_17
92,W_Handle leads,2016-05-18 08:54:15.014825,complete,User_28
92,A_Concept,2016-05-18 08:54:15.018825,complete,User_7
92,W_Complete application,2016-05-18 08:54:15.166193,start,User_86
78,W_Complete application,2016-05-18 08:54:15.238607,start,User_59
87,W_Complete application,2016-05-18 08:54:15.279967,start,User_74
89,W_Complete application,2016-05-18 08:54:15.343283,start,User_15
75,W_Complete application,2016-05-18 08:54:15.509202,start,User_78
94,W_Handle leads,2016-05-18 09:06:00.169242,start,User_51
72,W_Handle leads,2016-05-18 09:06:00.332795,start,User_36
100,W_Handle leads,2016-05-18 09:06:00.555652,start,User_85
96,W_Handle leads,2016-05-18 09:06:00.852292,start,User_28
79,W_Handle leads,2016-05-18 09:06:00.955865,start,User_97
73,W_Handle leads,2016-05-18 09:06:00.984038,start,User_7
65,A_Accepted,2016-05-18 09:06:01.024000,complete,User_108
63,A_Accepted,2016-05-18 09:06:01.024000,complete,User_2
70,A_Accepted,2016-05-18 09:06:01.024000,complete,User_49
65,O_Create Offer,2016-05-18 09:06:01.487000,complete,User_84
63,O_Create Offer,2016-05-18 09:06:01.487000,complete,User_98
70,O_Create Offer,2016-05-18 09:06:01.487000,complete,User_108
65,O_Created,2016-05-18 09:06:01.576000,complete,User_2
63,O_Created,2016-05-18 09:06:01.576000,complete,User_37
70,O_Created,2016-05-18 09:06:01.576000,complete,User_49
65,O_Sent (mail and online),2016-05-18 09:06:01.577000,complete,User_71
63,O_Sent (mail and online),2016-05-18 09:06:01.577000,complete,User_84
70,O_Cancelled,2016-05-18 09:06:01.577000,complete,User_98
70,O_Cancelled,2016-05-18 09:06:01.578000,complete,User_84
70,O_Create Offer,2016-05-18 09:06:02.041000,complete,User_37
70,O_Created,2016-05-18 09:06:02.130000,complete,User_84
70,O_Cancelled,2016-05-18 09:06:02.131000,complete,User_84
70,O_Create Offer,2016-05-18 09:06:02.594000,complete,User_37
70,O_Created,2016-05-18 09:06:02.683000,complete,User_84
70,O_Sent (mail and online),2016-05-18 09:06:02.684000,complete,User_98
65,A_Complete,2016-05-18 09:06:03.123000,complete,User_49
63,A_Complete,2016-05-18 09:06:03.123000,complete,User_71
70,A_Complete,2016-05-18 09:06:04.230000,complete,User_108
94,W_Handle leads,2016-05-18 09:09:14.373755,complete,User_51
94,A_Concept,2016-05-18 09:09:14.377755,complete,User_108
72,W_Handle leads,2016-05-18 09:09:14.537308,complete,User_36
72,A_Concept,2016-05-18 09:09:14.541308,complete,User_2
100,W_Handle leads,2016-05-18 09:09:14.760165,complete,User_85
100,A_Concept,2016-05-18 09:09:14.764165,complete,User_36
94,W_Complete application,2016-05-18 09:09:14.986544,start,User_18
96,W_Handle leads,2016-05-18 09:09:15.056805,complete,User_28
96,A_Concept,2016-05-18 09:09:15.060805,complete,User_43
79,W_Handle leads,2016-05-18 09:09:15.160378,complete,User_97
79,A_Concept,2016-05-18 09:09:15.164378,complete,User_51
73,W_Handle leads,2016-05-18 09:09:15.188551,complete,User_7
73,A_Concept,2016-05-18 09:09:15.192551,complete,User_7
72,W_Complete application,2016-05-18 09:09:15.453972,start,User_22
100,W_Complete application,2016-05-18 09:09:15.722445,start,User_4
96,W_Complete application,2016-05-18 09:09:15.980537,start,User_49
79,W_Complete application,2016-05-18 09:09:16.027699,start,User_71
73,W_Complete application,2016-05-18 09:09:16.068935,start,User_84
74,W_Complete application,2016-05-18 09:34:10.556237,complete,User_46
74,A_Accepted,2016-05-18 09:34:11.580237,complete,User_85
74,O_Create Offer,2016-05-18 09:34:12.043237,complete,User_97
74,O_Created,2016-05-18 09:34:12.132237,complete,User_98
74,O_Sent (mail and online),2016-05-18 09:34:12.133237,complete,User_10
74,A_Complete,2016-05-18 09:34:13.679237,complete,User_108
99,W_Complete application,2016-05-18 09:49:10.120531,complete,User_31
77,W_Complete application,2016-05-18 09:49:10.697393,complete,User_47
84,W_Complete application,2016-05-18 09:49:10.775763,complete,User_40
99,A_Accepted,2016-05-18 09:49:11.144531,complete,User_13
95,W_Complete application,2016-05-18 09:49:11.483262,complete,User_11
99,O_Create Offer,2016-05-18 09:49:11.607531,complete,User_2
99,O_Created,2016-05-18 09:49:11.696531,complete,User_28
99,O_Sent (mail and online),2016-05-18 09:49:11.697531,complete,User_31
77,A_Accepted,2016-05-18 09:49:11.721393,complete,User_135
84,A_Accepted,2016-05-18 09:49:11.799763,complete,User_19
77,O_Create Offer,2016-05-18 09:49:12.184393,complete,User_37
84,O_Create Offer,2016-05-18 09:49:12.262763,complete,User_38
77,O_Created,2016-05-18 09:49:12.273393,complete,User_39
77,O_Sent (mail and online),2016-05-18 09:49:12.274393,complete,User_41
84,O_Created,2016-05-18 09:49:12.351763,complete,User_40
84,O_Sent (mail and online),2016-05-18 09:49:12.352763,complete,User_43
95,A_Accepted,2016-05-18 09:49:12.507262,complete,User_24
95,O_Create Offer,2016-05-18 09:49:12.970262,complete,User_46
95,O_Created,2016-05-18 09:49:13.059262,complete,User_47
95,O_Sent (mail and online),2016-05-18 09:49:13.060262,complete,User_5
99,A_Complete,2016-05-18 09:49:13.243531,complete,User_36
77,A_Complete,2016-05-18 09:49:13.820393,complete,User_42
84,A_Complete,2016-05-18 09:49:13.898763,complete,User_44
95,A_Complete,2016-05-18 09:49:14.606262,complete,User_50
81,W_Complete application,2016-05-18 10:04:10.115307,complete,User_58
80,W_Complete application,2016-05-18 10:04:10.174984,complete,User_79
97,W_Complete application,2016-05-18 10:04:10.377352,complete,User_32
85,W_Complete application,2016-05-18 10:04:10.431388,complete,User_56
83,W_Complete application,2016-05-18 10:04:10.512638,complete,User_76
90,W_Complete application,2016-05-18 10:04:10.522931,complete,User_63
93,W_Complete application,2016-05-18 10:04:10.647824,complete,User_12
82,W_Complete application,2016-05-18 10:04:10.776187,complete,User_54
86,W_Complete application,2016-05-18 10:04:10.812264,complete,User_35
91,W_Complete application,2016-05-18 10:04:10.965511,complete,User_66
88,W_Complete application,2016-05-18 10:04:10.990014,complete,User_23
81,A_Accepted,2016-05-18 10:04:11.139307,complete,User_51
80,A_Accepted,2016-05-18 10:04:11.198984,complete,User_52
97,A_Accepted,2016-05-18 10:04:11.401352,complete,User_58
85,A_Accepted,2016-05-18 10:04:11.455388,complete,User_60
83,A_Accepted,2016-05-18 10:04:11.536638,complete,User_62
90,A_Accepted,2016-05-18 10:04:11.546931,complete,User_63
81,O_Create Offer,2016-05-18 10:04:11.602307,complete,User_79
98,W_Complete application,2016-05-18 10:04:11.630715,complete,User_57
80,O_Create Offer,2016-05-18 10:04:11.661984,complete,User_81
93,A_Accepted,2016-05-18 10:04:11.671824,complete,User_65
81,O_Created,2016-05-18 10:04:11.691307,complete,User_10
81,O_Cancelled,2016-05-18 10:04:11.692307,complete,User_116
80,O_Created,2016-05-18 10:04:11.750984,complete,User_11
80,O_Sent (mail and online),2016-05-18 10:04:11.751984,complete,User_24
82,A_Accepted,2016-05-18 10:04:11.800187,complete,User_7
86,A_Accepted,2016-05-18 10:04:11.836264,complete,User_72
97,O_Create Offer,2016-05-18 10:04:11.864352,complete,User_85
85,O_Create Offer,2016-05-18 10:04:11.918388,complete,User_92
97,O_Created,2016-05-18 10:04:11.953352,complete,User_35
97,O_Cancelled,2016-05-18 10:04:11.954352,complete,User_133
91,A_Accepted,2016-05-18 10:04:11.989511,complete,User_76
83,O_Create Offer,2016-05-18 10:04:11.999638,complete,User_97
85,O_Created,2016-05-18 10:04:12.007388,complete,User_36
85,O_Sent (mail and online),2016-05-18 10:04:12.008388,complete,User_42
90,O_Create Offer,2016-05-18 10:04:12.009931,complete,User_98
88,A_Accepted,2016-05-18 10:04:12.014014,complete,User_77
83,O_Created,2016-05-18 10:04:12.088638,complete,User_41
83,O_Cancelled,2016-05-18 10:04:12.089638,complete,User_19
83,O_Cancelled,2016-05-18 10:04:12.090638,complete,User_2
90,O_Created,2016-05-18 10:04:12.098931,complete,User_44
90,O_Sent (mail and online),2016-05-18 10:04:12.099931,complete,User_50
93,O_Create Offer,2016-05-18 10:04:12.134824,complete,User_12
81,O_Create Offer,2016-05-18 10:04:12.155307,complete,User_23
93,O_Created,2016-05-18 10:04:12.223824,complete,User_52
93,O_Sent (mail and online),2016-05-18 10:04:12.224824,complete,User_56
81,O_Created,2016-05-18 10:04:12.244307,complete,User_54
81,O_Sent (mail and online),2016-05-18 10:04:12.245307,complete,User_58
82,O_Create Offer,2016-05-18 10:04:12.263187,complete,User_31
86,O_Create Offer,2016-05-18 10:04:12.299264,complete,User_32
82,O_Created,2016-05-18 10:04:12.352187,complete,User_62
82,O_Cancelled,2016-05-18 10:04:12.353187,complete,User_35
82,O_Cancelled,2016-05-18 10:04:12.354187,complete,User_36
82,O_Cancelled,2016-05-18 10:04:12.355187,complete,User_37
82,O_Cancelled,2016-05-18 10:04:12.356187,complete,User_38
86,O_Created,2016-05-18 10:04:12.388264,complete,User_63
86,O_Cancelled,2016-05-18 10:04:12.389264,complete,User_41
86,O_Cancelled,2016-05-18 10:04:12.390264,complete,User_42
97,O_Create Offer,2016-05-18 10:04:12.417352,complete,User_39
91,O_Create Offer,2016-05-18 10:04:12.452511,complete,User_40
88,O_Create Offer,2016-05-18 10:04:12.477014,complete,User_46
97,O_Created,2016-05-18 10:04:12.506352,complete,User_77
97,O_Sent (mail and online),2016-05-18 10:04:12.507352,complete,User_85
91,O_Created,2016-05-18 10:04:12.541511,complete,User_79
91,O_Sent (mail and online),2016-05-18 10:04:12.542511,complete,User_97
83,O_Create Offer,2016-05-18 10:04:12.553638,complete,User_5
88,O_Created,2016-05-18 10:04:12.566014,complete,User_81
88,O_Sent (mail and online),2016-05-18 10:04:12.567014,complete,User_11
83,O_Created,2016-05-18 10:04:12.642638,complete,User_10
83,O_Cancelled,2016-05-18 10:04:12.643638,complete,User_11
83,O_Cancelled,2016-05-18 10:04:12.644638,complete,User_116
98,A_Accepted,2016-05-18 10:04:12.654715,complete,User_108
82,O_Create Offer,2016-05-18 10:04:12.819187,complete,User_7
86,O_Create Offer,2016-05-18 10:04:12.853264,complete,User_76
82,O_Created,2016-05-18 10:04:12.908187,complete,User_31
82,O_Cancelled,2016-05-18 10:04:12.909187,complete,User_13
86,O_Created,2016-05-18 10:04:12.942264,complete,User_32
86,O_Sent (mail and online),2016-05-18 10:04:12.943264,complete,User_36
83,O_Create Offer,2016-05-18 10:04:13.107638,complete,User_23
98,O_Create Offer,2016-05-18 10:04:13.117715,complete,User_24
83,O_Created,2016-05-18 10:04:13.196638,complete,User_38
83,O_Sent (mail and online),2016-05-18 10:04:13.197638,complete,User_40
98,O_Created,2016-05-18 10:04:13.206715,complete,User_39
98,O_Cancelled,2016-05-18 10:04:13.207715,complete,User_19
98,O_Cancelled,2016-05-18 10:04:13.208715,complete,User_2
80,A_Complete,2016-05-18 10:04:13.297984,complete,User_28
82,O_Create Offer,2016-05-18 10:04:13.372187,complete,User_35
82,O_Created,2016-05-18 10:04:13.461187,complete,User_50
82,O_Sent (mail and online),2016-05-18 10:04:13.462187,complete,User_52
85,A_Complete,2016-05-18 10:04:13.554388,complete,User_43
90,A_Complete,2016-05-18 10:04:13.645931,complete,User_51
98,O_Create Offer,2016-05-18 10:04:13.671715,complete,User_5
98,O_Created,2016-05-18 10:04:13.760715,complete,User_56
98,O_Cancelled,2016-05-18 10:04:13.761715,complete,User_28
98,O_Cancelled,2016-05-18 10:04:13.762715,complete,User_31
93,A_Complete,2016-05-18 10:04:13.770824,complete,User_57
81,A_Complete,2016-05-18 10:04:13.791307,complete,User_60
97,A_Complete,2016-05-18 10:04:14.053352,complete,User_92
91,A_Complete,2016-05-18 10:04:14.088511,complete,User_98
88,A_Complete,2016-05-18 10:04:14.113014,complete,User_12
98,O_Create Offer,2016-05-18 10:04:14.225715,complete,User_62
98,O_Created,2016-05-18 10:04:14.314715,complete,User_63
98,O_Sent (mail and online),2016-05-18 10:04:14.315715,complete,User_65
86,A_Complete,2016-05-18 10:04:14.489264,complete,User_37
83,A_Complete,2016-05-18 10:04:14.743638,complete,User_41
82,A_Complete,2016-05-18 10:04:15.008187,complete,User_54
98,A_Complete,2016-05-18 10:04:15.861715,complete,User_66
76,W_Complete application,2016-05-18 10:19:10.609375,complete,User_17
92,W_Complete application,2016-05-18 10:19:10.773667,complete,User_86
78,W_Complete application,2016-05-18 10:19:10.846081,complete,User_59
87,W_Complete application,2016-05-18 10:19:10.887441,complete,User_74
89,W_Complete application,2016-05-18 10:19:10.950757,complete,User_15
75,W_Complete application,2016-05-18 10:19:11.116676,complete,User_78
76,A_Accepted,2016-05-18 10:19:11.633375,complete,User_7
92,A_Accepted,2016-05-18 10:19:11.797667,complete,User_72
78,A_Accepted,2016-05-18 10:19:11.870081,complete,User_76
87,A_Accepted,2016-05-18 10:19:11.911441,complete,User_77
89,A_Accepted,2016-05-18 10:19:11.974757,complete,User_79
76,O_Create Offer,2016-05-18 10:19:12.096375,complete,User_85
75,A_Accepted,2016-05-18 10:19:12.140676,complete,User_81
76,O_Created,2016-05-18 10:19:12.185375,complete,User_10
76,O_Cancelled,2016-05-18 10:19:12.186375,complete,User_11
76,O_Cancelled,2016-05-18 10:19:12.187375,complete,User_116
76,O_Cancelled,2016-05-18 10:19:12.188375,complete,User_12
92,O_Create Offer,2016-05-18 10:19:12.260667,complete,User_86
78,O_Create Offer,2016-05-18 10:19:12.333081,complete,User_92
92,O_Created,2016-05-18 10:19:12.349667,complete,User_28
92,O_Sent (mail and online),2016-05-18 10:19:12.350667,complete,User_32
87,O_Create Offer,2016-05-18 10:19:12.374441,complete,User_97
78,O_Created,2016-05-18 10:19:12.422081,complete,User_31
78,O_Sent (mail and online),2016-05-18 10:19:12.423081,complete,User_37
89,O_Create Offer,2016-05-18 10:19:12.437757,complete,User_98
87,O_Created,2016-05-18 10:19:12.463441,complete,User_36
87,O_Sent (mail and online),2016-05-18 10:19:12.464441,complete,User_40
89,O_Created,2016-05-18 10:19:12.526757,complete,User_39
89,O_Sent (mail and online),2016-05-18 10:19:12.527757,complete,User_42
75,O_Create Offer,2016-05-18 10:19:12.603676,complete,User_108
76,O_Create Offer,2016-05-18 10:19:12.651375,complete,User_24
75,O_Created,2016-05-18 10:19:12.692676,complete,User_44
75,O_Cancelled,2016-05-18 10:19:12.693676,complete,User_19
75,O_Cancelled,2016-05-18 10:19:12.694676,complete,User_2
76,O_Created,2016-05-18 10:19:12.740375,complete,User_46
76,O_Cancelled,2016-05-18 10:19:12.741375,complete,User_21
76,O_Cancelled,2016-05-18 10:19:12.742375,complete,User_23
76,O_Cancelled,2016-05-18 10:19:12.743375,complete,User_24
76,O_Cancelled,2016-05-18 10:19:12.744375,complete,User_27
76,O_Cancelled,2016-05-18 10:19:12.745375,complete,User_28
76,O_Cancelled,2016-05-18 10:19:12.746375,complete,User_31
76,O_Cancelled,2016-05-18 10:19:12.747375,complete,User_32
75,O_Create Offer,2016-05-18 10:19:13.157676,complete,User_5
76,O_Create Offer,2016-05-18 10:19:13.210375,complete,User_62
75,O_Created,2016-05-18 10:19:13.246676,complete,User_63
75,O_Sent (mail and online),2016-05-18 10:19:13.247676,complete,User_66
76,O_Created,2016-05-18 10:19:13.299375,complete,User_65
76,O_Sent (mail and online),2016-05-18 10:19:13.300375,complete,User_72
92,A_Complete,2016-05-18 10:19:13.896667,complete,User_35
78,A_Complete,2016-05-18 10:19:13.969081,complete,User_38
87,A_Complete,2016-05-18 10:19:14.010441,complete,User_41
89,A_Complete,2016-05-18 10:19:14.073757,complete,User_43
75,A_Complete,2016-05-18 10:19:14.793676,complete,User_7
76,A_Complete,2016-05-18 10:19:14.846375,complete,User_74
94,W_Complete application,2016-05-18 10:34:10.594018,complete,User_18
72,W_Complete application,2016-05-18 10:34:11.061446,complete,User_22
100,W_Complete application,2016-05-18 10:34:11.329919,complete,User_4
96,W_Complete application,2016-05-18 10:34:11.588011,complete,User_49
94,A_Accepted,2016-05-18 10:34:11.618018,complete,User_76
79,W_Complete application,2016-05-18 10:34:11.635173,complete,User_71
73,W_Complete application,2016-05-18 10:34:11.676409,complete,User_84
94,O_Create Offer,2016-05-18 10:34:12.081018,complete,User_81
72,A_Accepted,2016-05-18 10:34:12.085446,complete,User_77
94,O_Created,2016-05-18 10:34:12.170018,complete,User_92
94,O_Sent (mail and online),2016-05-18 10:34:12.171018,complete,User_98
100,A_Accepted,2016-05-18 10:34:12.353919,complete,User_78
72,O_Create Offer,2016-05-18 10:34:12.548446,complete,User_97
96,A_Accepted,2016-05-18 10:34:12.612011,complete,User_79
72,O_Created,2016-05-18 10:34:12.637446,complete,User_11
72,O_Sent (mail and online),2016-05-18 10:34:12.638446,complete,User_13
79,A_Accepted,2016-05-18 10:34:12.659173,complete,User_85
73,A_Accepted,2016-05-18 10:34:12.700409,complete,User_86
100,O_Create Offer,2016-05-18 10:34:12.816919,complete,User_108
100,O_Created,2016-05-18 10:34:12.905919,complete,User_17
100,O_Sent (mail and online),2016-05-18 10:34:12.906919,complete,User_18
96,O_Create Offer,2016-05-18 10:34:13.075011,complete,User_12
79,O_Create Offer,2016-05-18 10:34:13.122173,complete,User_14
73,O_Create Offer,2016-05-18 10:34:13.163409,complete,User_15
96,O_Created,2016-05-18 10:34:13.164011,complete,User_2
96,O_Sent (mail and online),2016-05-18 10:34:13.165011,complete,User_23
79,O_Created,2016-05-18 10:34:13.211173,complete,User_21
79,O_Cancelled,2016-05-18 10:34:13.212173,complete,User_121
79,O_Cancelled,2016-05-18 10:34:13.213173,complete,User_122
73,O_Created,2016-05-18 10:34:13.252409,complete,User_22
73,O_Cancelled,2016-05-18 10:34:13.253409,complete,User_126
79,O_Create Offer,2016-05-18 10:34:13.676173,complete,User_28
73,O_Create Offer,2016-05-18 10:34:13.716409,complete,User_32
94,A_Complete,2016-05-18 10:34:13.717018,complete,User_10
79,O_Created,2016-05-18 10:34:13.765173,complete,User_35
79,O_Sent (mail and online),2016-05-18 10:34:13.766173,complete,User_37
73,O_Created,2016-05-18 10:34:13.805409,complete,User_36
73,O_Cancelled,2016-05-18 10:34:13.806409,complete,User_14
73,O_Cancelled,2016-05-18 10:34:13.807409,complete,User_15
73,O_Cancelled,2016-05-18 10:34:13.808409,complete,User_17
72,A_Complete,2016-05-18 10:34:14.184446,complete,User_135
73,O_Create Offer,2016-05-18 10:34:14.271409,complete,User_47
73,O_Created,2016-05-18 10:34:14.360409,complete,User_48
73,O_Cancelled,2016-05-18 10:34:14.361409,complete,User_2
73,O_Cancelled,2016-05-18 10:34:14.362409,complete,User_21
100,A_Complete,2016-05-18 10:34:14.452919,complete,User_19
96,A_Complete,2016-05-18 10:34:14.711011,complete,User_24
73,O_Create Offer,2016-05-18 10:34:14.825409,complete,User_51
73,O_Created,2016-05-18 10:34:14.914409,complete,User_52
73,O_Sent (mail and online),2016-05-18 10:34:14.915409,complete,User_54
79,A_Complete,2016-05-18 10:34:15.312173,complete,User_38
73,A_Complete,2016-05-18 10:34:16.461409,complete,User_56
97,W_Call after offers,2016-05-20 07:53:00.304692,start,User_106
86,W_Call after offers,2016-05-20 08:38:00.833089,start,User_129
1,W_Call after offers,2016-05-23 07:25:32.445360,complete,User_29
1,O_Create Offer,2016-05-23 07:25:32.908360,complete,User_132
1,O_Created,2016-05-23 07:25:32.997360,complete,User_16
1,O_Sent (mail and online),2016-05-23 07:25:32.998360,complete,User_19
1,A_Complete,2016-05-23 07:25:34.544360,complete,User_32
2,W_Call after offers,2016-05-23 07:35:35.907504,complete,User_30
2,O_Cancelled,2016-05-23 07:35:35.908504,complete,User_130
2,A_Cancelled,2016-05-23 07:35:35.924504,complete,User_65
2,O_Create Offer,2016-05-23 07:35:36.387504,complete,User_77
2,O_Created,2016-05-23 07:35:36.476504,complete,User_103
2,O_Sent (mail and online),2016-05-23 07:35:36.477504,complete,User_132
2,A_Complete,2016-05-23 07:35:38.023504,complete,User_15
2,W_Call after offers,2016-05-23 07:35:38.025970,start,User_30
3,W_Call after offers,2016-05-23 07:58:40.792312,complete,User_75
3,A_Validating,2016-05-23 07:58:41.946312,complete,User_116
3,W_Validate application,2016-05-23 07:58:42.564273,start,User_118
4,W_Call after offers,2016-05-23 07:59:01.305341,complete,User_83
4,A_Validating,2016-05-23 07:59:02.459341,complete,User_120
4,W_Validate application,2016-05-23 07:59:03.324158,start,User_123
5,W_Call after offers,2016-05-23 08:03:42.744805,complete,User_87
5,O_Create Offer,2016-05-23 08:03:43.207805,complete,User_32
5,O_Created,2016-05-23 08:03:43.296805,complete,User_41
5,O_Cancelled,2016-05-23 08:03:43.297805,complete,User_15
5,O_Create Offer,2016-05-23 08:03:43.760805,complete,User_45
5,O_Created,2016-05-23 08:03:43.849805,complete,User_48
5,O_Cancelled,2016-05-23 08:03:43.850805,complete,User_27
5,O_Cancelled,2016-05-23 08:03:43.851805,complete,User_32
5,O_Cancelled,2016-05-23 08:03:43.852805,complete,User_41
5,O_Create Offer,2016-05-23 08:03:44.315805,complete,User_77
5,O_Created,2016-05-23 08:03:44.404805,complete,User_103
5,O_Cancelled,2016-05-23 08:03:44.405805,complete,User_103
5,O_Create Offer,2016-05-23 08:03:44.868805,complete,User_132
5,O_Created,2016-05-23 08:03:44.957805,complete,User_15
5,O_Sent (mail and online),2016-05-23 08:03:44.958805,complete,User_16
5,A_Complete,2016-05-23 08:03:46.504805,complete,User_19
5,W_Call after offers,2016-05-23 08:03:46.810000,start,User_75
1,W_Call after offers,2016-05-23 08:10:34.665340,start,User_83
6,W_Call after offers,2016-05-23 08:10:56.139468,complete,User_68
6,O_Create Offer,2016-05-23 08:10:56.602468,complete,User_15
6,O_Created,2016-05-23 08:10:56.691468,complete,User_16
6,O_Cancelled,2016-05-23 08:10:56.692468,complete,User_113
6,O_Cancelled,2016-05-23 08:10:56.693468,complete,User_116
6,O_Cancelled,2016-05-23 08:10:56.694468,complete,User_120
6,O_Cancelled,2016-05-23 08:10:56.695468,complete,User_121
6,O_Create Offer,2016-05-23 08:10:57.158468,complete,User_32
6,O_Created,2016-05-23 08:10:57.247468,complete,User_41
6,O_Cancelled,2016-05-23 08:10:57.248468,complete,User_15
6,O_Create Offer,2016-05-23 08:10:57.711468,complete,User_45
6,O_Created,2016-05-23 08:10:57.800468,complete,User_48
6,O_Cancelled,2016-05-23 08:10:57.801468,complete,User_21
6,O_Cancelled,2016-05-23 08:10:57.802468,complete,User_27
6,O_Create Offer,2016-05-23 08:10:58.265468,complete,User_65
6,O_Created,2016-05-23 08:10:58.354468,complete,User_77
6,O_Cancelled,2016-05-23 08:10:58.355468,complete,User_48
6,O_Cancelled,2016-05-23 08:10:58.356468,complete,User_54
6,O_Create Offer,2016-05-23 08:10:58.819468,complete,User_10
6,O_Created,2016-05-23 08:10:58.908468,complete,User_103
6,O_Cancelled,2016-05-23 08:10:58.909468,complete,User_103
6,O_Cancelled,2016-05-23 08:10:58.910468,complete,User_112
6,O_Cancelled,2016-05-23 08:10:58.911468,complete,User_113
6,O_Create Offer,2016-05-23 08:10:59.374468,complete,User_18
6,O_Created,2016-05-23 08:10:59.463468,complete,User_19
6,O_Cancelled,2016-05-23 08:10:59.464468,complete,User_116
6,O_Cancelled,2016-05-23 08:10:59.465468,complete,User_120
6,O_Cancelled,2016-05-23 08:10:59.466468,complete,User_121
6,O_Cancelled,2016-05-23 08:10:59.467468,complete,User_122
6,O_Cancelled,2016-05-23 08:10:59.468468,complete,User_125
6,O_Create Offer,2016-05-23 08:10:59.931468,complete,User_32
6,O_Created,2016-05-23 08:11:00.020468,complete,User_41
6,O_Cancelled,2016-05-23 08:11:00.021468,complete,User_15
6,O_Create Offer,2016-05-23 08:11:00.484468,complete,User_45
6,O_Created,2016-05-23 08:11:00.573468,complete,User_48
6,O_Sent (mail and online),2016-05-23 08:11:00.574468,complete,User_54
6,A_Complete,2016-05-23 08:11:02.120468,complete,User_65
6,W_Call after offers,2016-05-23 08:11:02.513725,start,User_68
91,W_Call after offers,2016-05-23 08:13:00.581358,start,User_87
53,W_Call after offers,2016-05-23 08:28:00.928797,start,User_29
7,W_Call after offers,2016-05-23 08:45:54.224784,complete,User_90
7,A_Validating,2016-05-23 08:45:55.378784,complete,User_113
7,W_Validate application,2016-05-23 08:45:55.709987,start,User_116
8,W_Call after offers,2016-05-23 08:52:26.022455,complete,User_93
8,A_Validating,2016-05-23 08:52:27.176455,complete,User_117
8,W_Validate application,2016-05-23 08:52:27.237183,start,User_119
61,W_Call after offers,2016-05-23 08:58:00.384653,start,User_90
88,W_Call after offers,2016-05-23 08:58:00.868992,start,User_93
9,W_Call after offers,2016-05-23 08:58:53.590629,complete,User_95
9,O_Create Offer,2016-05-23 08:58:54.053629,complete,User_18
9,O_Created,2016-05-23 08:58:54.142629,complete,User_19
9,O_Cancelled,2016-05-23 08:58:54.143629,complete,User_117
9,O_Cancelled,2016-05-23 08:58:54.144629,complete,User_120
9,O_Create Offer,2016-05-23 08:58:54.607629,complete,User_25
9,O_Created,2016-05-23 08:58:54.696629,complete,User_3
9,O_Sent (mail and online),2016-05-23 08:58:54.697629,complete,User_31
9,A_Complete,2016-05-23 08:58:56.243629,complete,User_32
9,W_Call after offers,2016-05-23 08:58:57.167879,start,User_95
10,W_Call after offers,2016-05-23 08:59:05.832231,complete,User_99
10,O_Create Offer,2016-05-23 08:59:06.295231,complete,User_19
10,O_Created,2016-05-23 08:59:06.384231,complete,User_2
10,O_Cancelled,2016-05-23 08:59:06.385231,complete,User_117
10,O_Create Offer,2016-05-23 08:59:06.848231,complete,User_21
10,O_Created,2016-05-23 08:59:06.937231,complete,User_24
10,O_Sent (mail and online),2016-05-23 08:59:06.938231,complete,User_25
10,A_Complete,2016-05-23 08:59:08.484231,complete,User_3
10,W_Call after offers,2016-05-23 08:59:09.122587,start,User_99
11,W_Call after offers,2016-05-23 09:10:03.667018,complete,User_100
11,A_Validating,2016-05-23 09:10:04.821018,complete,User_10
11,W_Validate application,2016-05-23 09:10:05.427538,start,User_112
94,W_Call after offers,2016-05-23 09:13:00.580267,start,User_100
12,W_Call after offers,2016-05-23 09:13:17.734790,complete,User_102
12,O_Create Offer,2016-05-23 09:13:18.197790,complete,User_103
12,O_Created,2016-05-23 09:13:18.286790,complete,User_104
12,O_Sent (mail and online),2016-05-23 09:13:18.287790,complete,User_11
12,A_Complete,2016-05-23 09:13:19.833790,complete,User_132
12,W_Call after offers,2016-05-23 09:13:19.853695,start,User_102
13,W_Call after offers,2016-05-23 09:15:19.419647,complete,User_107
13,A_Cancelled,2016-05-23 09:15:19.435647,complete,User_103
13,O_Cancelled,2016-05-23 09:15:19.436647,complete,User_103
3,W_Validate application,2016-05-23 09:16:24.567255,complete,User_118
3,O_Returned,2016-05-23 09:16:26.092255,complete,User_113
3,A_Incomplete,2016-05-23 09:16:27.518255,complete,User_113
3,W_Call incomplete files,2016-05-23 09:16:28.467846,start,User_132
4,W_Validate application,2016-05-23 09:16:45.327140,complete,User_123
4,O_Returned,2016-05-23 09:16:46.852140,complete,User_117
4,A_Denied,2016-05-23 09:16:46.868140,complete,User_107
4,O_Refused,2016-05-23 09:16:46.873140,complete,User_107
14,W_Call after offers,2016-05-23 09:24:12.777594,complete,User_109
14,O_Create Offer,2016-05-23 09:24:13.240594,complete,User_11
14,O_Created,2016-05-23 09:24:13.329594,complete,User_14
14,O_Cancelled,2016-05-23 09:24:13.330594,complete,User_113
14,O_Cancelled,2016-05-23 09:24:13.331594,complete,User_117
14,O_Cancelled,2016-05-23 09:24:13.332594,complete,User_118
14,O_Cancelled,2016-05-23 09:24:13.333594,complete,User_120
14,O_Cancelled,2016-05-23 09:24:13.334594,complete,User_121
14,O_Create Offer,2016-05-23 09:24:13.797594,complete,User_26
14,O_Created,2016-05-23 09:24:13.886594,complete,User_3
14,O_Sent (mail and online),2016-05-23 09:24:13.887594,complete,User_31
14,A_Complete,2016-05-23 09:24:15.433594,complete,User_32
14,W_Call after offers,2016-05-23 09:24:15.610982,start,User_107
15,W_Call after offers,2016-05-23 09:27:54.426231,complete,User_115
15,A_Validating,2016-05-23 09:27:55.580231,complete,User_11
15,W_Validate application,2016-05-23 09:27:55.631589,start,User_113
46,W_Call after offers,2016-05-23 09:28:00.007731,start,User_109
68,W_Call after offers,2016-05-23 09:28:00.461232,start,User_115
7,W_Validate application,2016-05-23 10:03:37.712969,complete,User_116
7,O_Returned,2016-05-23 10:03:39.237969,complete,User_114
7,O_Accepted,2016-05-23 10:03:39.239969,complete,User_116
7,A_Pending,2016-05-23 10:03:39.240969,complete,User_117
7,O_Cancelled,2016-05-23 10:03:39.241969,complete,User_11
7,O_Create Offer,2016-05-23 10:03:39.704969,complete,User_15
7,O_Created,2016-05-23 10:03:39.793969,complete,User_16
7,O_Cancelled,2016-05-23 10:03:39.794969,complete,User_114
7,O_Create Offer,2016-05-23 10:03:40.257969,complete,User_19
7,O_Created,2016-05-23 10:03:40.346969,complete,User_2
7,O_Sent (mail and online),2016-05-23 10:03:40.347969,complete,User_21
7,A_Complete,2016-05-23 10:03:41.893969,complete,User_22
8,W_Validate application,2016-05-23 10:10:09.240165,complete,User_119
8,O_Returned,2016-05-23 10:10:10.765165,complete,User_130
8,O_Accepted,2016-05-23 10:10:10.767165,complete,User_131
8,A_Pending,2016-05-23 10:10:10.768165,complete,User_134
11,W_Validate application,2016-05-23 10:27:47.430520,complete,User_112
11,O_Returned,2016-05-23 10:27:48.955520,complete,User_27
11,O_Accepted,2016-05-23 10:27:48.957520,complete,User_112
11,A_Pending,2016-05-23 10:27:48.958520,complete,User_114
15,W_Validate application,2016-05-23 10:45:37.634571,complete,User_113
15,O_Returned,2016-05-23 10:45:39.159571,complete,User_116
15,A_Incomplete,2016-05-23 10:45:40.585571,complete,User_116
15,W_Call incomplete files,2016-05-23 10:45:40.917866,start,User_14
3,W_Call incomplete files,2016-05-23 16:36:10.591037,complete,User_132
3,O_Create Offer,2016-05-23 16:36:11.054037,complete,User_19
3,O_Created,2016-05-23 16:36:11.143037,complete,User_28
3,O_Cancelled,2016-05-23 16:36:11.144037,complete,User_13
3,O_Cancelled,2016-05-23 16:36:11.145037,complete,User_133
3,O_Cancelled,2016-05-23 16:36:11.146037,complete,User_19
3,O_Create Offer,2016-05-23 16:36:11.609037,complete,User_50
3,O_Created,2016-05-23 16:36:11.698037,complete,User_51
3,O_Cancelled,2016-05-23 16:36:11.699037,complete,User_28
3,O_Cancelled,2016-05-23 16:36:11.700037,complete,User_34
3,O_Create Offer,2016-05-23 16:36:12.163037,complete,User_67
3,O_Created,2016-05-23 16:36:12.252037,complete,User_70
3,O_Cancelled,2016-05-23 16:36:12.253037,complete,User_40
3,O_Create Offer,2016-05-23 16:36:12.716037,complete,User_73
3,O_Created,2016-05-23 16:36:12.805037,complete,User_76
3,O_Cancelled,2016-05-23 16:36:12.806037,complete,User_46
3,O_Cancelled,2016-05-23 16:36:12.807037,complete,User_50
3,O_Create Offer,2016-05-23 16:36:13.270037,complete,User_86
3,O_Created,2016-05-23 16:36:13.359037,complete,User_89
3,O_Sent (mail and online),2016-05-23 16:36:13.360037,complete,User_91
3,A_Complete,2016-05-23 16:36:14.906037,complete,User_96
15,W_Call incomplete files,2016-05-23 18:05:23.041057,complete,User_14
15,O_Create Offer,2016-05-23 18:05:23.504057,complete,User_98
15,O_Created,2016-05-23 18:05:23.593057,complete,User_103
15,O_Cancelled,2016-05-23 18:05:23.594057,complete,User_103
15,O_Cancelled,2016-05-23 18:05:23.595057,complete,User_13
15,O_Cancelled,2016-05-23 18:05:23.596057,complete,User_19
15,O_Create Offer,2016-05-23 18:05:24.059057,complete,User_50
15,O_Created,2016-05-23 18:05:24.148057,complete,User_51
15,O_Sent (mail and online),2016-05-23 18:05:24.149057,complete,User_52
15,A_Complete,2016-05-23 18:05:25.695057,complete,User_56
97,W_Call after offers,2016-05-26 04:35:17.787562,complete,User_106
86,W_Call after offers,2016-05-26 05:20:18.315959,complete,User_129
97,A_Validating,2016-05-26 10:04:01.154000,complete,User_12
86,O_Create Offer,2016-05-26 10:19:00.463000,complete,User_21
86,O_Created,2016-05-26 10:19:00.552000,complete,User_38
86,O_Cancelled,2016-05-26 10:19:00.553000,complete,User_14
86,O_Cancelled,2016-05-26 10:19:00.554000,complete,User_21
86,O_Cancelled,2016-05-26 10:19:00.555000,complete,User_38
86,O_Create Offer,2016-05-26 10:19:01.018000,complete,User_85
86,O_Created,2016-05-26 10:19:01.107000,complete,User_10
86,O_Sent (mail and online),2016-05-26 10:19:01.108000,complete,User_12
86,A_Complete,2016-05-26 10:19:02.654000,complete,User_14
97,W_Validate application,2016-05-26 11:49:01.563051,start,User_126
97,W_Validate application,2016-05-26 13:06:43.566033,complete,User_126
97,O_Returned,2016-05-26 13:06:45.091033,complete,User_126
97,A_Incomplete,2016-05-26 13:06:46.517033,complete,User_126
97,W_Call incomplete files,2016-05-26 13:06:46.619720,start,User_28
97,W_Call incomplete files,2016-05-26 20:26:28.742911,complete,User_28
97,O_Create Offer,2016-05-27 06:58:00.463000,complete,User_14
97,O_Created,2016-05-27 06:58:00.552000,complete,User_14
97,O_Sent (mail and online),2016-05-27 06:58:00.553000,complete,User_14
97,A_Complete,2016-05-27 06:58:02.099000,complete,User_14
86,W_Call after offers,2016-05-27 07:53:00.512626,start,User_106
79,W_Call after offers,2016-05-27 08:38:00.209010,start,User_129
2,W_Call after offers,2016-05-29 04:17:55.508840,complete,User_30
5,W_Call after offers,2016-05-29 04:46:04.292870,complete,User_75
1,W_Call after offers,2016-05-29 04:52:52.148210,complete,User_83
1,A_Cancelled,2016-05-29 04:52:52.164210,complete,User_1
1,O_Cancelled,2016-05-29 04:52:52.165210,complete,User_1
6,W_Call after offers,2016-05-29 04:53:19.996595,complete,User_68
91,W_Call after offers,2016-05-29 04:55:18.064228,complete,User_87
53,W_Call after offers,2016-05-29 05:10:18.411667,complete,User_29
61,W_Call after offers,2016-05-29 05:40:17.867523,complete,User_90
88,W_Call after offers,2016-05-29 05:40:18.351862,complete,User_93
88,O_Cancelled,2016-05-29 05:40:18.352862,complete,User_1
88,A_Cancelled,2016-05-29 05:40:18.368862,complete,User_1
9,W_Call after offers,2016-05-29 05:41:14.650749,complete,User_95
10,W_Call after offers,2016-05-29 05:41:26.605457,complete,User_99
94,W_Call after offers,2016-05-29 05:55:18.063137,complete,User_100
12,W_Call after offers,2016-05-29 05:55:37.336565,complete,User_102
89,W_Call after offers,2016-05-29 06:03:00.018520,start,User_90
14,W_Call after offers,2016-05-29 06:06:33.093852,complete,User_107
14,O_Cancelled,2016-05-29 06:06:33.094852,complete,User_1
14,A_Cancelled,2016-05-29 06:06:33.110852,complete,User_1
46,W_Call after offers,2016-05-29 06:10:17.490601,complete,User_109
46,A_Cancelled,2016-05-29 06:10:17.506601,complete,User_1
46,O_Cancelled,2016-05-29 06:10:17.507601,complete,User_1
46,O_Cancelled,2016-05-29 06:10:17.508601,complete,User_1
46,O_Cancelled,2016-05-29 06:10:17.509601,complete,User_1
68,W_Call after offers,2016-05-29 06:10:17.944102,complete,User_115
20,W_Call after offers,2016-05-29 06:18:00.879137,start,User_83
43,W_Call after offers,2016-05-29 06:33:00.709063,start,User_68
91,A_Validating,2016-05-29 06:41:01.154000,complete,User_118
91,W_Validate application,2016-05-29 06:41:01.484409,start,User_118
90,W_Call after offers,2016-05-29 06:48:00.632020,start,User_75
2,A_Validating,2016-05-29 06:56:01.154000,complete,User_121
2,W_Validate application,2016-05-29 06:56:01.907967,start,User_121
9,O_Create Offer,2016-05-29 07:02:00.463000,complete,User_26
9,O_Created,2016-05-29 07:02:00.552000,complete,User_26
9,O_Sent (mail and online),2016-05-29 07:02:00.553000,complete,User_26
9,A_Complete,2016-05-29 07:02:02.099000,complete,User_26
9,W_Call after offers,2016-05-29 07:02:02.351788,start,User_107
53,O_Create Offer,2016-05-29 07:17:00.463000,complete,User_65
12,O_Create Offer,2016-05-29 07:17:00.463000,complete,User_91
6,O_Create Offer,2016-05-29 07:17:00.463000,complete,User_14
61,O_Create Offer,2016-05-29 07:17:00.463000,complete,User_26
5,O_Create Offer,2016-05-29 07:17:00.463000,complete,User_55
94,O_Create Offer,2016-05-29 07:17:00.463000,complete,User_97
53,O_Created,2016-05-29 07:17:00.552000,complete,User_65
12,O_Created,2016-05-29 07:17:00.552000,complete,User_91
6,O_Created,2016-05-29 07:17:00.552000,complete,User_14
61,O_Created,2016-05-29 07:17:00.552000,complete,User_26
5,O_Created,2016-05-29 07:17:00.552000,complete,User_55
94,O_Created,2016-05-29 07:17:00.552000,complete,User_97
53,O_Cancelled,2016-05-29 07:17:00.553000,complete,User_65
12,O_Cancelled,2016-05-29 07:17:00.553000,complete,User_91
6,O_Sent (mail and online),2016-05-29 07:17:00.553000,complete,User_14
61,O_Cancelled,2016-05-29 07:17:00.553000,complete,User_123
5,O_Cancelled,2016-05-29 07:17:00.553000,complete,User_126
94,O_Sent (mail and online),2016-05-29 07:17:00.553000,complete,User_55
5,O_Cancelled,2016-05-29 07:17:00.554000,complete,User_123
5,O_Cancelled,2016-05-29 07:17:00.555000,complete,User_30
5,O_Cancelled,2016-05-29 07:17:00.556000,complete,User_1
53,O_Create Offer,2016-05-29 07:17:01.016000,complete,User_65
12,O_Create Offer,2016-05-29 07:17:01.016000,complete,User_91
61,O_Create Offer,2016-05-29 07:17:01.016000,complete,User_14
5,O_Create Offer,2016-05-29 07:17:01.019000,complete,User_26
53,O_Created,2016-05-29 07:17:01.105000,complete,User_65
12,O_Created,2016-05-29 07:17:01.105000,complete,User_91
61,O_Created,2016-05-29 07:17:01.105000,complete,User_14
53,O_Cancelled,2016-05-29 07:17:01.106000,complete,User_123
12,O_Cancelled,2016-05-29 07:17:01.106000,complete,User_126
61,O_Cancelled,2016-05-29 07:17:01.106000,complete,User_127
5,O_Created,2016-05-29 07:17:01.108000,complete,User_26
5,O_Cancelled,2016-05-29 07:17:01.109000,complete,User_123
53,O_Create Offer,2016-05-29 07:17:01.569000,complete,User_65
12,O_Create Offer,2016-05-29 07:17:01.569000,complete,User_91
61,O_Create Offer,2016-05-29 07:17:01.569000,complete,User_14
5,O_Create Offer,2016-05-29 07:17:01.572000,complete,User_26
53,O_Created,2016-05-29 07:17:01.658000,complete,User_65
12,O_Created,2016-05-29 07:17:01.658000,complete,User_91
61,O_Created,2016-05-29 07:17:01.658000,complete,User_14
53,O_Sent (mail and online),2016-05-29 07:17:01.659000,complete,User_65
12,O_Sent (mail and online),2016-05-29 07:17:01.659000,complete,User_91
61,O_Sent (mail and online),2016-05-29 07:17:01.659000,complete,User_14
5,O_Created,2016-05-29 07:17:01.661000,complete,User_26
5,O_Sent (mail and online),2016-05-29 07:17:01.662000,complete,User_26
6,A_Complete,2016-05-29 07:17:02.099000,complete,User_97
94,A_Complete,2016-05-29 07:17:02.099000,complete,User_55
6,W_Call after offers,2016-05-29 07:17:02.698125,start,User_30
53,A_Complete,2016-05-29 07:17:03.205000,complete,User_65
12,A_Complete,2016-05-29 07:17:03.205000,complete,User_91
61,A_Complete,2016-05-29 07:17:03.205000,complete,User_14
5,A_Complete,2016-05-29 07:17:03.208000,complete,User_26
66,W_Call after offers,2016-05-29 07:18:00.951075,start,User_95
10,O_Create Offer,2016-05-29 07:32:00.463000,complete,User_26
68,O_Create Offer,2016-05-29 07:32:00.463000,complete,User_32
46,O_Create Offer,2016-05-29 07:32:00.463000,complete,User_4
10,O_Created,2016-05-29 07:32:00.552000,complete,User_55
68,O_Created,2016-05-29 07:32:00.552000,complete,User_65
46,O_Created,2016-05-29 07:32:00.552000,complete,User_85
10,O_Cancelled,2016-05-29 07:32:00.553000,complete,User_55
68,O_Cancelled,2016-05-29 07:32:00.553000,complete,User_65
46,O_Cancelled,2016-05-29 07:32:00.553000,complete,User_85
10,O_Cancelled,2016-05-29 07:32:00.554000,complete,User_87
68,O_Cancelled,2016-05-29 07:32:00.554000,complete,User_91
46,O_Cancelled,2016-05-29 07:32:00.554000,complete,User_97
10,O_Cancelled,2016-05-29 07:32:00.555000,complete,User_1
68,O_Cancelled,2016-05-29 07:32:00.555000,complete,User_109
68,O_Cancelled,2016-05-29 07:32:00.556000,complete,User_123
68,O_Cancelled,2016-05-29 07:32:00.557000,complete,User_126
68,O_Cancelled,2016-05-29 07:32:00.558000,complete,User_127
46,O_Create Offer,2016-05-29 07:32:01.017000,complete,User_14
10,O_Create Offer,2016-05-29 07:32:01.018000,complete,User_26
68,O_Create Offer,2016-05-29 07:32:01.021000,complete,User_4
46,O_Created,2016-05-29 07:32:01.106000,complete,User_55
10,O_Created,2016-05-29 07:32:01.107000,complete,User_65
46,O_Cancelled,2016-05-29 07:32:01.107000,complete,User_55
10,O_Cancelled,2016-05-29 07:32:01.108000,complete,User_65
10,O_Cancelled,2016-05-29 07:32:01.109000,complete,User_87
68,O_Created,2016-05-29 07:32:01.110000,complete,User_85
68,O_Cancelled,2016-05-29 07:32:01.111000,complete,User_14
68,O_Cancelled,2016-05-29 07:32:01.112000,complete,User_26
68,O_Cancelled,2016-05-29 07:32:01.113000,complete,User_27
10,O_Create Offer,2016-05-29 07:32:01.572000,complete,User_32
68,O_Create Offer,2016-05-29 07:32:01.576000,complete,User_65
10,O_Created,2016-05-29 07:32:01.661000,complete,User_85
10,O_Sent (mail and online),2016-05-29 07:32:01.662000,complete,User_97
68,O_Created,2016-05-29 07:32:01.665000,complete,User_91
68,O_Sent (mail and online),2016-05-29 07:32:01.666000,complete,User_26
94,W_Call after offers,2016-05-29 07:32:02.266575,start,User_87
10,A_Complete,2016-05-29 07:32:03.208000,complete,User_14
68,A_Complete,2016-05-29 07:32:03.212000,complete,User_32
61,W_Call after offers,2016-05-29 07:32:03.570694,start,User_109
53,W_Call after offers,2016-05-29 07:47:03.551346,start,User_100
91,W_Validate application,2016-05-29 07:58:43.487391,complete,User_118
91,O_Returned,2016-05-29 07:58:45.012391,complete,User_112
91,O_Accepted,2016-05-29 07:58:45.014391,complete,User_113
91,A_Pending,2016-05-29 07:58:45.015391,complete,User_114
12,W_Call after offers,2016-05-29 08:02:03.877104,start,User_99
2,W_Validate application,2016-05-29 08:13:43.910949,complete,User_121
2,O_Returned,2016-05-29 08:13:45.435949,complete,User_112
2,A_Incomplete,2016-05-29 08:13:46.861949,complete,User_112
2,W_Call incomplete files,2016-05-29 08:13:46.867889,start,User_14
10,W_Call after offers,2016-05-29 08:17:03.608114,start,User_102
5,W_Call after offers,2016-05-29 08:17:03.788024,start,User_93
68,W_Call after offers,2016-05-29 08:32:04.168348,start,User_29
95,W_Call after offers,2016-05-29 09:03:00.947364,start,User_115
2,W_Call incomplete files,2016-05-29 15:33:28.991080,complete,User_14
2,A_Validating,2016-05-29 15:33:30.145080,complete,User_110
2,W_Validate application,2016-05-29 15:33:31.120727,start,User_133
2,W_Validate application,2016-05-29 16:51:13.123709,complete,User_133
2,O_Returned,2016-05-30 06:43:01.525000,complete,User_112
2,O_Accepted,2016-05-30 06:58:01.527000,complete,User_113
2,A_Pending,2016-05-30 06:58:01.528000,complete,User_121
2,O_Cancelled,2016-05-30 06:58:01.529000,complete,User_121
86,W_Call after offers,2016-06-02 04:35:17.995496,complete,User_106
86,A_Cancelled,2016-06-02 04:49:00.016000,complete,User_1
86,O_Cancelled,2016-06-02 04:49:00.017000,complete,User_1
79,W_Call after offers,2016-06-02 05:20:17.691880,complete,User_129
79,A_Validating,2016-06-02 10:04:01.154000,complete,User_12
79,W_Validate application,2016-06-02 11:49:01.540017,start,User_126
79,W_Validate application,2016-06-02 13:06:43.542999,complete,User_126
79,O_Returned,2016-06-02 13:06:45.067999,complete,User_126
79,O_Accepted,2016-06-02 13:21:45.069999,complete,User_126
79,A_Pending,2016-06-02 13:21:45.070999,complete,User_126
79,O_Cancelled,2016-06-02 13:21:45.071999,complete,User_12
79,O_Create Offer,2016-06-02 13:21:45.534999,complete,User_28
79,O_Created,2016-06-02 13:21:45.623999,complete,User_33
79,O_Sent (mail and online),2016-06-02 13:21:45.624999,complete,User_35
79,A_Complete,2016-06-02 13:21:47.170999,complete,User_38
79,W_Call after offers,2016-06-03 07:53:00.260136,start,User_106
16,W_Call after offers,2016-06-03 08:38:00.800819,start,User_129
89,W_Call after offers,2016-06-04 02:45:17.501390,complete,User_90
20,W_Call after offers,2016-06-04 03:00:18.362007,complete,User_83
43,W_Call after offers,2016-06-04 03:15:18.191933,complete,User_68
90,W_Call after offers,2016-06-04 03:30:18.114890,complete,User_75
90,O_Cancelled,2016-06-04 03:30:18.115890,complete,User_1
90,A_Cancelled,2016-06-04 03:30:18.131890,complete,User_1
90,O_Cancelled,2016-06-04 03:30:18.132890,complete,User_1
9,W_Call after offers,2016-06-04 03:44:19.834658,complete,User_107
6,W_Call after offers,2016-06-04 03:59:20.180995,complete,User_30
66,W_Call after offers,2016-06-04 04:00:18.433945,complete,User_95
94,W_Call after offers,2016-06-04 04:14:19.749445,complete,User_87
61,W_Call after offers,2016-06-04 04:14:21.053564,complete,User_109
53,W_Call after offers,2016-06-04 04:29:21.034216,complete,User_100
12,W_Call after offers,2016-06-04 04:44:21.359974,complete,User_99
10,W_Call after offers,2016-06-04 04:59:21.090984,complete,User_102
10,O_Cancelled,2016-06-04 04:59:21.091984,complete,User_1
10,A_Cancelled,2016-06-04 04:59:21.107984,complete,User_1
10,O_Cancelled,2016-06-04 04:59:21.108984,complete,User_1
5,W_Call after offers,2016-06-04 04:59:21.270894,complete,User_93
68,W_Call after offers,2016-06-04 05:14:21.651218,complete,User_29
95,W_Call after offers,2016-06-04 05:45:18.430234,complete,User_115
23,W_Call after offers,2016-06-04 06:02:00.559392,start,User_68
9,O_Create Offer,2016-06-04 06:24:00.463000,complete,User_5
9,O_Created,2016-06-04 06:24:00.552000,complete,User_5
9,O_Sent (mail and online),2016-06-04 06:24:00.553000,complete,User_5
9,A_Complete,2016-06-04 06:24:02.099000,complete,User_5
10,O_Create Offer,2016-06-04 06:39:00.463000,complete,User_5
10,O_Created,2016-06-04 06:39:00.552000,complete,User_5
10,O_Sent (mail and online),2016-06-04 06:39:00.553000,complete,User_5
10,A_Complete,2016-06-04 06:39:02.099000,complete,User_5
61,O_Create Offer,2016-06-04 06:54:00.463000,complete,User_5
61,O_Created,2016-06-04 06:54:00.552000,complete,User_5
61,O_Cancelled,2016-06-04 06:54:00.553000,complete,User_5
61,O_Cancelled,2016-06-04 06:54:00.554000,complete,User_87
61,O_Cancelled,2016-06-04 06:54:00.555000,complete,User_90
61,O_Cancelled,2016-06-04 06:54:00.556000,complete,User_1
61,O_Cancelled,2016-06-04 06:54:00.557000,complete,User_5
61,O_Cancelled,2016-06-04 06:54:00.558000,complete,User_87
61,O_Create Offer,2016-06-04 06:54:01.021000,complete,User_5
61,O_Created,2016-06-04 06:54:01.110000,complete,User_5
61,O_Sent (mail and online),2016-06-04 06:54:01.111000,complete,User_5
61,A_Complete,2016-06-04 06:54:02.657000,complete,User_5
9,W_Call after offers,2016-06-04 06:54:02.732959,start,User_90
10,W_Call after offers,2016-06-04 06:54:02.889149,start,User_87
64,W_Call after offers,2016-06-04 07:02:00.123884,start,User_95
95,O_Create Offer,2016-06-04 07:09:00.463000,complete,User_5
95,O_Created,2016-06-04 07:09:00.552000,complete,User_5
95,O_Cancelled,2016-06-04 07:09:00.553000,complete,User_5
95,O_Cancelled,2016-06-04 07:09:00.554000,complete,User_1
95,O_Create Offer,2016-06-04 07:09:01.017000,complete,User_5
95,O_Created,2016-06-04 07:09:01.106000,complete,User_5
95,O_Cancelled,2016-06-04 07:09:01.107000,complete,User_5
95,O_Cancelled,2016-06-04 07:09:01.108000,complete,User_1
12,A_Validating,2016-06-04 07:09:01.154000,complete,User_127
6,A_Validating,2016-06-04 07:09:01.154000,complete,User_125
95,O_Create Offer,2016-06-04 07:09:01.571000,complete,User_5
12,W_Validate application,2016-06-04 07:09:01.600136,start,User_127
95,O_Created,2016-06-04 07:09:01.660000,complete,User_5
95,O_Sent (mail and online),2016-06-04 07:09:01.661000,complete,User_5
6,W_Validate application,2016-06-04 07:09:01.856194,start,User_125
95,A_Complete,2016-06-04 07:09:03.207000,complete,User_5
53,O_Create Offer,2016-06-04 07:24:00.463000,complete,User_84
20,O_Create Offer,2016-06-04 07:24:00.463000,complete,User_55
43,O_Create Offer,2016-06-04 07:24:00.463000,complete,User_5
53,O_Created,2016-06-04 07:24:00.552000,complete,User_84
20,O_Created,2016-06-04 07:24:00.552000,complete,User_55
43,O_Created,2016-06-04 07:24:00.552000,complete,User_5
53,O_Cancelled,2016-06-04 07:24:00.553000,complete,User_84
20,O_Cancelled,2016-06-04 07:24:00.553000,complete,User_1
43,O_Cancelled,2016-06-04 07:24:00.553000,complete,User_5
53,O_Create Offer,2016-06-04 07:24:01.016000,complete,User_84
20,O_Create Offer,2016-06-04 07:24:01.016000,complete,User_55
43,O_Create Offer,2016-06-04 07:24:01.016000,complete,User_5
53,O_Created,2016-06-04 07:24:01.105000,complete,User_84
20,O_Created,2016-06-04 07:24:01.105000,complete,User_55
43,O_Created,2016-06-04 07:24:01.105000,complete,User_5
53,O_Sent (mail and online),2016-06-04 07:24:01.106000,complete,User_84
20,O_Sent (mail and online),2016-06-04 07:24:01.106000,complete,User_55
43,O_Cancelled,2016-06-04 07:24:01.106000,complete,User_5
43,O_Cancelled,2016-06-04 07:24:01.107000,complete,User_5
43,O_Cancelled,2016-06-04 07:24:01.108000,complete,User_1
43,O_Cancelled,2016-06-04 07:24:01.109000,complete,User_5
43,O_Cancelled,2016-06-04 07:24:01.110000,complete,User_1
68,A_Validating,2016-06-04 07:24:01.154000,complete,User_120
89,A_Validating,2016-06-04 07:24:01.154000,complete,User_122
89,W_Validate application,2016-06-04 07:24:01.192515,start,User_122
43,O_Create Offer,2016-06-04 07:24:01.573000,complete,User_5
43,O_Created,2016-06-04 07:24:01.662000,complete,User_5
43,O_Sent (mail and online),2016-06-04 07:24:01.663000,complete,User_5
68,W_Validate application,2016-06-04 07:24:02.125687,start,User_120
53,A_Complete,2016-06-04 07:24:02.652000,complete,User_84
20,A_Complete,2016-06-04 07:24:02.652000,complete,User_55
43,A_Complete,2016-06-04 07:24:03.209000,complete,User_5
57,W_Call after offers,2016-06-04 07:32:00.581125,start,User_30
94,O_Create Offer,2016-06-04 07:39:00.463000,complete,User_32
5,O_Create Offer,2016-06-04 07:39:00.463000,complete,User_5
66,O_Create Offer,2016-06-04 07:39:00.463000,complete,User_55
94,O_Created,2016-06-04 07:39:00.552000,complete,User_84
5,O_Created,2016-06-04 07:39:00.552000,complete,User_104
66,O_Created,2016-06-04 07:39:00.552000,complete,User_32
94,O_Cancelled,2016-06-04 07:39:00.553000,complete,User_27
5,O_Cancelled,2016-06-04 07:39:00.553000,complete,User_5
66,O_Cancelled,2016-06-04 07:39:00.553000,complete,User_55
94,O_Cancelled,2016-06-04 07:39:00.554000,complete,User_84
5,O_Create Offer,2016-06-04 07:39:01.016000,complete,User_32
66,O_Create Offer,2016-06-04 07:39:01.016000,complete,User_5
94,O_Create Offer,2016-06-04 07:39:01.017000,complete,User_55
5,O_Created,2016-06-04 07:39:01.105000,complete,User_84
66,O_Created,2016-06-04 07:39:01.105000,complete,User_104
94,O_Created,2016-06-04 07:39:01.106000,complete,User_32
5,O_Cancelled,2016-06-04 07:39:01.106000,complete,User_27
66,O_Sent (mail and online),2016-06-04 07:39:01.106000,complete,User_84
94,O_Cancelled,2016-06-04 07:39:01.107000,complete,User_55
5,O_Cancelled,2016-06-04 07:39:01.107000,complete,User_99
94,O_Create Offer,2016-06-04 07:39:01.570000,complete,User_32
5,O_Create Offer,2016-06-04 07:39:01.570000,complete,User_5
94,O_Created,2016-06-04 07:39:01.659000,complete,User_55
5,O_Created,2016-06-04 07:39:01.659000,complete,User_84
94,O_Sent (mail and online),2016-06-04 07:39:01.660000,complete,User_32
5,O_Cancelled,2016-06-04 07:39:01.660000,complete,User_27
5,O_Create Offer,2016-06-04 07:39:02.123000,complete,User_32
5,O_Created,2016-06-04 07:39:02.212000,complete,User_5
5,O_Sent (mail and online),2016-06-04 07:39:02.213000,complete,User_55
66,A_Complete,2016-06-04 07:39:02.652000,complete,User_104
20,W_Call after offers,2016-06-04 07:39:02.836352,start,User_99
53,W_Call after offers,2016-06-04 07:39:03.014466,start,User_107
94,A_Complete,2016-06-04 07:39:03.206000,complete,User_84
5,A_Complete,2016-06-04 07:39:03.759000,complete,User_32
66,W_Call after offers,2016-06-04 07:54:03.585168,start,User_100
61,W_Call after offers,2016-06-04 08:09:03.353982,start,User_109
12,W_Validate application,2016-06-04 08:26:43.603118,complete,User_127
6,W_Validate application,2016-06-04 08:26:43.859176,complete,User_125
12,O_Returned,2016-06-04 08:26:45.128118,complete,User_112
12,O_Accepted,2016-06-04 08:26:45.130118,complete,User_116
12,A_Pending,2016-06-04 08:26:45.131118,complete,User_117
6,O_Returned,2016-06-04 08:26:45.384176,complete,User_114
6,O_Accepted,2016-06-04 08:26:45.386176,complete,User_118
6,A_Pending,2016-06-04 08:26:45.387176,complete,User_119
36,W_Call after offers,2016-06-04 08:32:00.028379,start,User_29
77,W_Call after offers,2016-06-04 08:32:00.099884,start,User_102
85,W_Call after offers,2016-06-04 08:32:00.593926,start,User_75
89,W_Validate application,2016-06-04 08:41:43.195497,complete,User_122
68,W_Validate application,2016-06-04 08:41:44.128669,complete,User_120
89,O_Returned,2016-06-04 08:41:44.720497,complete,User_118
68,O_Returned,2016-06-04 08:41:45.653669,complete,User_119
89,A_Incomplete,2016-06-04 08:41:46.146497,complete,User_120
89,W_Call incomplete files,2016-06-04 08:41:46.747371,start,User_2
68,A_Incomplete,2016-06-04 08:41:47.079669,complete,User_121
68,W_Call incomplete files,2016-06-04 08:41:47.981041,start,User_21
73,W_Call after offers,2016-06-04 08:47:00.958470,start,User_93
94,W_Call after offers,2016-06-04 09:24:03.939994,start,User_115
95,W_Call after offers,2016-06-04 14:54:03.542009,start,User_83
89,W_Call incomplete files,2016-06-04 16:01:28.870562,complete,User_2
89,O_Create Offer,2016-06-04 16:01:29.333562,complete,User_18
89,O_Created,2016-06-04 16:01:29.422562,complete,User_19
89,O_Sent (mail and online),2016-06-04 16:01:29.423562,complete,User_20
68,W_Call incomplete files,2016-06-04 16:01:30.104232,complete,User_21
68,O_Create Offer,2016-06-04 16:01:30.567232,complete,User_26
68,O_Created,2016-06-04 16:01:30.656232,complete,User_3
68,O_Cancelled,2016-06-04 16:01:30.657232,complete,User_13
68,O_Cancelled,2016-06-04 16:01:30.658232,complete,User_133
89,A_Complete,2016-06-04 16:01:30.969562,complete,User_25
68,O_Create Offer,2016-06-04 16:01:31.121232,complete,User_40
68,O_Created,2016-06-04 16:01:31.210232,complete,User_43
68,O_Sent (mail and online),2016-06-04 16:01:31.211232,complete,User_44
68,A_Complete,2016-06-04 16:01:32.757232,complete,User_46
79,W_Call after offers,2016-06-09 04:35:17.743006,complete,User_106
79,A_Cancelled,2016-06-09 04:49:00.016000,complete,User_1
79,O_Cancelled,2016-06-09 04:49:00.017000,complete,User_1
79,O_Cancelled,2016-06-09 04:49:00.018000,complete,User_1
16,W_Call after offers,2016-06-09 05:20:18.283689,complete,User_129
16,A_Validating,2016-06-09 10:04:01.154000,complete,User_12
16,W_Validate application,2016-06-09 11:49:01.657116,start,User_126
16,W_Validate application,2016-06-09 13:06:43.660098,complete,User_126
16,O_Returned,2016-06-09 13:06:45.185098,complete,User_126
16,A_Incomplete,2016-06-09 13:06:46.611098,complete,User_126
16,W_Call incomplete files,2016-06-09 13:06:47.560383,start,User_28
16,W_Call incomplete files,2016-06-09 20:26:29.683574,complete,User_28
16,O_Cancelled,2016-06-09 20:26:29.684574,complete,User_1
16,A_Cancelled,2016-06-09 20:26:29.700574,complete,User_1
23,W_Call after offers,2016-06-10 02:44:18.042262,complete,User_68
9,W_Call after offers,2016-06-10 03:36:20.215829,complete,User_90
10,W_Call after offers,2016-06-10 03:36:20.372019,complete,User_87
64,W_Call after offers,2016-06-10 03:44:17.606754,complete,User_95
57,W_Call after offers,2016-06-10 04:14:18.063995,complete,User_30
10,O_Cancelled,2016-06-10 04:17:00.001000,complete,User_1
10,A_Cancelled,2016-06-10 04:17:00.017000,complete,User_1
20,W_Call after offers,2016-06-10 04:21:20.319222,complete,User_99
20,O_Cancelled,2016-06-10 04:21:20.320222,complete,User_1
20,A_Cancelled,2016-06-10 04:21:20.336222,complete,User_1
53,W_Call after offers,2016-06-10 04:21:20.497336,complete,User_107
66,W_Call after offers,2016-06-10 04:36:21.068038,complete,User_100
61,W_Call after offers,2016-06-10 04:51:20.836852,complete,User_109
61,A_Cancelled,2016-06-10 04:51:20.852852,complete,User_1
61,O_Cancelled,2016-06-10 04:51:20.853852,complete,User_1
61,O_Cancelled,2016-06-10 04:51:20.854852,complete,User_1
36,W_Call after offers,2016-06-10 05:14:17.511249,complete,User_29
77,W_Call after offers,2016-06-10 05:14:17.582754,complete,User_102
85,W_Call after offers,2016-06-10 05:14:18.076796,complete,User_75
73,W_Call after offers,2016-06-10 05:29:18.441340,complete,User_93
73,A_Cancelled,2016-06-10 05:29:18.457340,complete,User_1
73,O_Cancelled,2016-06-10 05:29:18.458340,complete,User_1
94,W_Call after offers,2016-06-10 06:06:21.422864,complete,User_115
94,O_Cancelled,2016-06-10 06:06:21.423864,complete,User_1
94,A_Cancelled,2016-06-10 06:06:21.439864,complete,User_1
94,O_Cancelled,2016-06-10 06:06:21.440864,complete,User_1
30,W_Call after offers,2016-06-10 06:38:00.988583,start,User_68
53,A_Validating,2016-06-10 06:45:01.154000,complete,User_113
53,W_Validate application,2016-06-10 06:45:02.131965,start,User_113
43,W_Call after offers,2016-06-10 06:53:00.973002,start,User_87
20,O_Create Offer,2016-06-10 06:58:00.463000,complete,User_14
20,O_Created,2016-06-10 06:58:00.552000,complete,User_14
20,O_Cancelled,2016-06-10 06:58:00.553000,complete,User_121
77,A_Validating,2016-06-10 07:00:01.154000,complete,User_14
77,W_Validate application,2016-06-10 07:00:01.538369,start,User_90
87,W_Call after offers,2016-06-10 07:08:00.649362,start,User_95
25,W_Call after offers,2016-06-10 07:08:00.805225,start,User_30
85,O_Create Offer,2016-06-10 07:13:00.463000,complete,User_91
16,O_Create Offer,2016-06-10 07:13:00.463000,complete,User_14
85,O_Created,2016-06-10 07:13:00.552000,complete,User_91
16,O_Created,2016-06-10 07:13:00.552000,complete,User_14
85,O_Cancelled,2016-06-10 07:13:00.553000,complete,User_121
16,O_Cancelled,2016-06-10 07:13:00.553000,complete,User_122
16,O_Cancelled,2016-06-10 07:13:00.554000,complete,User_1
85,O_Create Offer,2016-06-10 07:13:01.016000,complete,User_91
16,O_Create Offer,2016-06-10 07:13:01.017000,complete,User_14
85,O_Created,2016-06-10 07:13:01.105000,complete,User_91
16,O_Created,2016-06-10 07:13:01.106000,complete,User_14
85,O_Cancelled,2016-06-10 07:13:01.106000,complete,User_121
16,O_Cancelled,2016-06-10 07:13:01.107000,complete,User_122
85,O_Cancelled,2016-06-10 07:13:01.107000,complete,User_127
16,O_Create Offer,2016-06-10 07:13:01.570000,complete,User_91
85,O_Create Offer,2016-06-10 07:13:01.570000,complete,User_14
16,O_Created,2016-06-10 07:13:01.659000,complete,User_91
85,O_Created,2016-06-10 07:13:01.659000,complete,User_14
16,O_Sent (mail and online),2016-06-10 07:13:01.660000,complete,User_91
85,O_Cancelled,2016-06-10 07:13:01.660000,complete,User_1
85,O_Create Offer,2016-06-10 07:13:02.123000,complete,User_91
85,O_Created,2016-06-10 07:13:02.212000,complete,User_91
85,O_Sent (mail and online),2016-06-10 07:13:02.213000,complete,User_91
16,A_Complete,2016-06-10 07:13:03.206000,complete,User_14
85,A_Complete,2016-06-10 07:13:03.759000,complete,User_91
41,W_Call after offers,2016-06-10 07:23:00.155611,start,User_75
57,O_Create Offer,2016-06-10 07:28:00.463000,complete,User_14
64,O_Create Offer,2016-06-10 07:28:00.463000,complete,User_28
23,O_Create Offer,2016-06-10 07:28:00.463000,complete,User_32
66,O_Create Offer,2016-06-10 07:28:00.463000,complete,User_59
9,O_Create Offer,2016-06-10 07:28:00.463000,complete,User_63
36,O_Create Offer,2016-06-10 07:28:00.463000,complete,User_9
57,O_Created,2016-06-10 07:28:00.552000,complete,User_91
64,O_Created,2016-06-10 07:28:00.552000,complete,User_14
23,O_Created,2016-06-10 07:28:00.552000,complete,User_28
66,O_Created,2016-06-10 07:28:00.552000,complete,User_32
9,O_Created,2016-06-10 07:28:00.552000,complete,User_59
36,O_Created,2016-06-10 07:28:00.552000,complete,User_63
57,O_Sent (mail and online),2016-06-10 07:28:00.553000,complete,User_9
64,O_Sent (mail and online),2016-06-10 07:28:00.553000,complete,User_91
23,O_Cancelled,2016-06-10 07:28:00.553000,complete,User_1
66,O_Sent (mail and online),2016-06-10 07:28:00.553000,complete,User_14
9,O_Sent (mail and online),2016-06-10 07:28:00.553000,complete,User_28
36,O_Cancelled,2016-06-10 07:28:00.553000,complete,User_126
23,O_Cancelled,2016-06-10 07:28:00.554000,complete,User_63
36,O_Cancelled,2016-06-10 07:28:00.554000,complete,User_126
23,O_Create Offer,2016-06-10 07:28:01.017000,complete,User_63
36,O_Create Offer,2016-06-10 07:28:01.017000,complete,User_9
23,O_Created,2016-06-10 07:28:01.106000,complete,User_91
36,O_Created,2016-06-10 07:28:01.106000,complete,User_63
23,O_Cancelled,2016-06-10 07:28:01.107000,complete,User_9
36,O_Sent (mail and online),2016-06-10 07:28:01.107000,complete,User_63
23,O_Cancelled,2016-06-10 07:28:01.108000,complete,User_9
23,O_Create Offer,2016-06-10 07:28:01.571000,complete,User_9
23,O_Created,2016-06-10 07:28:01.660000,complete,User_91
23,O_Cancelled,2016-06-10 07:28:01.661000,complete,User_9
57,A_Complete,2016-06-10 07:28:02.099000,complete,User_32
64,A_Complete,2016-06-10 07:28:02.099000,complete,User_59
66,A_Complete,2016-06-10 07:28:02.099000,complete,User_14
9,A_Complete,2016-06-10 07:28:02.099000,complete,User_28
23,O_Create Offer,2016-06-10 07:28:02.124000,complete,User_9
23,O_Created,2016-06-10 07:28:02.213000,complete,User_91
23,O_Sent (mail and online),2016-06-10 07:28:02.214000,complete,User_14
36,A_Complete,2016-06-10 07:28:02.653000,complete,User_63
23,A_Complete,2016-06-10 07:28:03.760000,complete,User_28
17,W_Call after offers,2016-06-10 07:38:00.635916,start,User_115
66,W_Call after offers,2016-06-10 07:43:02.841371,start,User_109
38,W_Call after offers,2016-06-10 07:53:00.187640,start,User_106
64,W_Call after offers,2016-06-10 07:58:02.967573,start,User_100
53,W_Validate application,2016-06-10 08:02:44.134947,complete,User_113
53,O_Returned,2016-06-10 08:02:45.659947,complete,User_113
53,A_Denied,2016-06-10 08:02:45.675947,complete,User_144
53,O_Refused,2016-06-10 08:02:45.680947,complete,User_144
44,W_Call after offers,2016-06-10 08:08:00.877273,start,User_102
57,W_Call after offers,2016-06-10 08:13:02.175716,start,User_99
9,W_Call after offers,2016-06-10 08:13:02.837578,start,User_107
77,W_Validate application,2016-06-10 08:17:43.541351,complete,User_90
77,O_Returned,2016-06-10 08:17:45.066351,complete,User_112
77,A_Incomplete,2016-06-10 08:17:46.492351,complete,User_112
77,W_Call incomplete files,2016-06-10 08:17:46.992548,start,User_13
63,W_Call after offers,2016-06-10 08:23:00.503077,start,User_93
24,W_Call after offers,2016-06-10 08:23:00.618927,start,User_29
35,W_Call after offers,2016-06-10 08:23:00.623892,start,User_90
51,W_Call after offers,2016-06-10 08:38:00.912090,start,User_129
95,W_Call after offers,2016-06-10 11:36:21.024879,complete,User_83
95,A_Validating,2016-06-10 11:36:22.178879,complete,User_112
95,W_Validate application,2016-06-10 11:36:22.860209,start,User_116
92,W_Call after offers,2016-06-10 11:38:00.335631,start,User_83
95,W_Validate application,2016-06-10 12:54:04.863191,complete,User_116
95,O_Returned,2016-06-10 12:54:06.388191,complete,User_119
95,A_Denied,2016-06-10 12:54:06.404191,complete,User_143
95,O_Refused,2016-06-10 12:54:06.409191,complete,User_136
77,W_Call incomplete files,2016-06-10 15:37:29.115739,complete,User_13
77,O_Create Offer,2016-06-10 15:37:29.578739,complete,User_15
77,O_Created,2016-06-10 15:37:29.667739,complete,User_17
77,O_Sent (mail and online),2016-06-10 15:37:29.668739,complete,User_18
77,A_Complete,2016-06-10 15:37:31.214739,complete,User_19
30,W_Call after offers,2016-06-16 03:20:18.471453,complete,User_68
43,W_Call after offers,2016-06-16 03:35:18.455872,complete,User_87
87,W_Call after offers,2016-06-16 03:50:18.132232,complete,User_95
25,W_Call after offers,2016-06-16 03:50:18.288095,complete,User_30
41,W_Call after offers,2016-06-16 04:05:17.638481,complete,User_75
17,W_Call after offers,2016-06-16 04:20:18.118786,complete,User_115
66,W_Call after offers,2016-06-16 04:25:20.324241,complete,User_109
38,W_Call after offers,2016-06-16 04:35:17.670510,complete,User_106
64,W_Call after offers,2016-06-16 04:40:20.450443,complete,User_100
64,O_Cancelled,2016-06-16 04:49:00.001000,complete,User_1
64,A_Cancelled,2016-06-16 04:49:00.017000,complete,User_1
44,W_Call after offers,2016-06-16 04:50:18.360143,complete,User_102
57,W_Call after offers,2016-06-16 04:55:19.658586,complete,User_99
57,A_Cancelled,2016-06-16 04:55:19.674586,complete,User_1
57,O_Cancelled,2016-06-16 04:55:19.675586,complete,User_1
9,W_Call after offers,2016-06-16 04:55:20.320448,complete,User_107
63,W_Call after offers,2016-06-16 05:05:17.985947,complete,User_93
24,W_Call after offers,2016-06-16 05:05:18.101797,complete,User_29
35,W_Call after offers,2016-06-16 05:05:18.106762,complete,User_90
35,A_Cancelled,2016-06-16 05:05:18.122762,complete,User_1
35,O_Cancelled,2016-06-16 05:05:18.123762,complete,User_1
51,W_Call after offers,2016-06-16 05:20:18.394960,complete,User_129
51,O_Cancelled,2016-06-16 05:20:18.395960,complete,User_1
51,A_Cancelled,2016-06-16 05:20:18.411960,complete,User_1
23,W_Call after offers,2016-06-16 05:43:00.965486,start,User_68
45,W_Call after offers,2016-06-16 08:13:00.471703,start,User_99
92,W_Call after offers,2016-06-16 08:20:17.818501,complete,User_83
30,A_Validating,2016-06-16 10:04:01.154000,complete,User_12
43,O_Create Offer,2016-06-16 10:19:00.463000,complete,User_85
24,O_Create Offer,2016-06-16 10:19:00.463000,complete,User_10
66,O_Create Offer,2016-06-16 10:19:00.463000,complete,User_12
92,O_Create Offer,2016-06-16 10:19:00.463000,complete,User_21
63,O_Create Offer,2016-06-16 10:19:00.463000,complete,User_38
44,O_Create Offer,2016-06-16 10:19:00.463000,complete,User_42
25,O_Create Offer,2016-06-16 10:19:00.463000,complete,User_44
43,O_Created,2016-06-16 10:19:00.552000,complete,User_85
24,O_Created,2016-06-16 10:19:00.552000,complete,User_10
66,O_Created,2016-06-16 10:19:00.552000,complete,User_12
92,O_Created,2016-06-16 10:19:00.552000,complete,User_21
63,O_Created,2016-06-16 10:19:00.552000,complete,User_38
44,O_Created,2016-06-16 10:19:00.552000,complete,User_42
25,O_Created,2016-06-16 10:19:00.552000,complete,User_44
43,O_Cancelled,2016-06-16 10:19:00.553000,complete,User_85
24,O_Cancelled,2016-06-16 10:19:00.553000,complete,User_1
66,O_Sent (mail and online),2016-06-16 10:19:00.553000,complete,User_12
92,O_Cancelled,2016-06-16 10:19:00.553000,complete,User_21
63,O_Sent (mail and online),2016-06-16 10:19:00.553000,complete,User_10
44,O_Cancelled,2016-06-16 10:19:00.553000,complete,User_38
25,O_Sent (mail and online),2016-06-16 10:19:00.553000,complete,User_42
44,O_Cancelled,2016-06-16 10:19:00.554000,complete,User_38
44,O_Cancelled,2016-06-16 10:19:00.555000,complete,User_38
44,O_Cancelled,2016-06-16 10:19:00.556000,complete,User_1
44,O_Cancelled,2016-06-16 10:19:00.557000,complete,User_38
43,O_Create Offer,2016-06-16 10:19:01.016000,complete,User_44
24,O_Create Offer,2016-06-16 10:19:01.016000,complete,User_85
92,O_Create Offer,2016-06-16 10:19:01.016000,complete,User_21
44,O_Create Offer,2016-06-16 10:19:01.020000,complete,User_38
43,O_Created,2016-06-16 10:19:01.105000,complete,User_44
24,O_Created,2016-06-16 10:19:01.105000,complete,User_85
92,O_Created,2016-06-16 10:19:01.105000,complete,User_21
43,O_Cancelled,2016-06-16 10:19:01.106000,complete,User_44
24,O_Sent (mail and online),2016-06-16 10:19:01.106000,complete,User_85
92,O_Cancelled,2016-06-16 10:19:01.106000,complete,User_1
92,O_Cancelled,2016-06-16 10:19:01.107000,complete,User_85
44,O_Created,2016-06-16 10:19:01.109000,complete,User_38
44,O_Sent (mail and online),2016-06-16 10:19:01.110000,complete,User_38
41,A_Validating,2016-06-16 10:19:01.154000,complete,User_14
43,O_Create Offer,2016-06-16 10:19:01.569000,complete,User_21
92,O_Create Offer,2016-06-16 10:19:01.570000,complete,User_85
43,O_Created,2016-06-16 10:19:01.658000,complete,User_14
92,O_Created,2016-06-16 10:19:01.659000,complete,User_21
43,O_Sent (mail and online),2016-06-16 10:19:01.659000,complete,User_85
92,O_Sent (mail and online),2016-06-16 10:19:01.660000,complete,User_14
25,A_Complete,2016-06-16 10:19:02.099000,complete,User_42
66,A_Complete,2016-06-16 10:19:02.099000,complete,User_12
63,A_Complete,2016-06-16 10:19:02.099000,complete,User_10
24,A_Complete,2016-06-16 10:19:02.652000,complete,User_44
44,A_Complete,2016-06-16 10:19:02.656000,complete,User_38
43,A_Complete,2016-06-16 10:19:03.205000,complete,User_21
92,A_Complete,2016-06-16 10:19:03.206000,complete,User_85
9,O_Create Offer,2016-06-16 10:34:00.463000,complete,User_10
38,O_Create Offer,2016-06-16 10:34:00.463000,complete,User_12
17,O_Create Offer,2016-06-16 10:34:00.463000,complete,User_14
87,O_Create Offer,2016-06-16 10:34:00.463000,complete,User_21
9,O_Created,2016-06-16 10:34:00.552000,complete,User_28
38,O_Created,2016-06-16 10:34:00.552000,complete,User_33
17,O_Created,2016-06-16 10:34:00.552000,complete,User_38
87,O_Created,2016-06-16 10:34:00.552000,complete,User_39
9,O_Cancelled,2016-06-16 10:34:00.553000,complete,User_14
38,O_Sent (mail and online),2016-06-16 10:34:00.553000,complete,User_44
17,O_Sent (mail and online),2016-06-16 10:34:00.553000,complete,User_49
87,O_Sent (mail and online),2016-06-16 10:34:00.553000,complete,User_52
9,O_Create Offer,2016-06-16 10:34:01.016000,complete,User_85
9,O_Created,2016-06-16 10:34:01.105000,complete,User_21
9,O_Sent (mail and online),2016-06-16 10:34:01.106000,complete,User_28
87,A_Complete,2016-06-16 10:34:02.099000,complete,User_14
38,A_Complete,2016-06-16 10:34:02.099000,complete,User_10
17,A_Complete,2016-06-16 10:34:02.099000,complete,User_12
9,A_Complete,2016-06-16 10:34:02.652000,complete,User_33
80,W_Call after offers,2016-06-16 11:43:00.802237,start,User_75
41,W_Validate application,2016-06-16 11:49:01.848505,start,User_126
55,W_Call after offers,2016-06-16 11:58:00.452548,start,User_29
41,W_Validate application,2016-06-16 13:06:43.851487,complete,User_126
41,O_Returned,2016-06-16 13:06:45.376487,complete,User_126
41,O_Accepted,2016-06-16 13:06:45.378487,complete,User_126
41,A_Pending,2016-06-16 13:06:45.379487,complete,User_126
30,W_Validate application,2016-06-16 13:19:01.730949,start,User_126
30,W_Validate application,2016-06-16 14:36:43.733931,complete,User_126
66,W_Call after offers,2016-06-17 06:23:00.145353,start,User_83
48,W_Call after offers,2016-06-17 06:53:00.901590,start,User_87
30,O_Returned,2016-06-17 06:53:01.525000,complete,User_121
30,O_Accepted,2016-06-17 06:53:01.527000,complete,User_113
30,A_Pending,2016-06-17 06:53:01.528000,complete,User_121
49,W_Call after offers,2016-06-17 07:08:00.313100,start,User_30
92,W_Call after offers,2016-06-17 07:08:00.877080,start,User_95
97,W_Call after offers,2016-06-17 07:08:00.904030,start,User_90
52,W_Call after offers,2016-06-17 07:38:00.101644,start,User_115
36,W_Call after offers,2016-06-17 07:53:00.576856,start,User_106
44,W_Call after offers,2016-06-17 07:53:00.881028,start,User_109
37,W_Call after offers,2016-06-17 08:08:00.280337,start,User_102
84,W_Call after offers,2016-06-17 08:08:00.690358,start,User_100
69,W_Call after offers,2016-06-17 08:23:00.224137,start,User_93
75,W_Call after offers,2016-06-17 08:23:00.611634,start,User_107
87,W_Call after offers,2016-06-17 08:38:00.084745,start,User_129
23,W_Call after offers,2016-06-22 02:25:18.448356,complete,User_68
45,W_Call after offers,2016-06-22 04:55:17.954573,complete,User_99
42,W_Call after offers,2016-06-22 06:33:00.564756,start,User_68
45,A_Validating,2016-06-22 07:06:01.154000,complete,User_123
45,W_Validate application,2016-06-22 07:06:02.145235,start,User_123
23,O_Create Offer,2016-06-22 08:06:00.463000,complete,User_23
23,O_Created,2016-06-22 08:06:00.552000,complete,User_23
23,O_Cancelled,2016-06-22 08:06:00.553000,complete,User_121
23,O_Cancelled,2016-06-22 08:06:00.554000,complete,User_23
23,O_Create Offer,2016-06-22 08:06:01.017000,complete,User_23
23,O_Created,2016-06-22 08:06:01.106000,complete,User_23
23,O_Sent (mail and online),2016-06-22 08:06:01.107000,complete,User_23
23,A_Complete,2016-06-22 08:06:02.653000,complete,User_23
45,W_Validate application,2016-06-22 08:23:44.148217,complete,User_123
45,O_Returned,2016-06-22 08:23:45.673217,complete,User_121
45,A_Incomplete,2016-06-22 08:23:47.099217,complete,User_121
45,W_Call incomplete files,2016-06-22 08:23:47.930231,start,User_23
80,W_Call after offers,2016-06-22 08:25:18.285107,complete,User_75
80,O_Create Offer,2016-06-22 08:25:18.748107,complete,User_31
80,O_Created,2016-06-22 08:25:18.837107,complete,User_40
80,O_Sent (mail and online),2016-06-22 08:25:18.838107,complete,User_46
80,A_Complete,2016-06-22 08:25:20.384107,complete,User_47
55,W_Call after offers,2016-06-22 08:40:17.935418,complete,User_29
55,O_Create Offer,2016-06-22 08:40:18.398418,complete,User_54
55,O_Created,2016-06-22 08:40:18.487418,complete,User_56
55,O_Cancelled,2016-06-22 08:40:18.488418,complete,User_28
55,O_Create Offer,2016-06-22 08:40:18.951418,complete,User_58
55,O_Created,2016-06-22 08:40:19.040418,complete,User_59
55,O_Sent (mail and online),2016-06-22 08:40:19.041418,complete,User_63
55,A_Complete,2016-06-22 08:40:20.587418,complete,User_66
23,W_Call after offers,2016-06-22 11:21:02.968147,start,User_99
80,W_Call after offers,2016-06-22 12:40:20.785144,start,User_75
55,W_Call after offers,2016-06-22 14:25:20.894332,start,User_29
45,W_Call incomplete files,2016-06-22 15:43:30.053422,complete,User_23
45,A_Validating,2016-06-22 15:43:31.207422,complete,User_2
66,W_Call after offers,2016-06-23 03:05:17.628223,complete,User_83
48,W_Call after offers,2016-06-23 03:35:18.384460,complete,User_87
49,W_Call after offers,2016-06-23 03:50:17.795970,complete,User_30
92,W_Call after offers,2016-06-23 03:50:18.359950,complete,User_95
97,W_Call after offers,2016-06-23 03:50:18.386900,complete,User_90
52,W_Call after offers,2016-06-23 04:20:17.584514,complete,User_115
36,W_Call after offers,2016-06-23 04:35:18.059726,complete,User_106
44,W_Call after offers,2016-06-23 04:35:18.363898,complete,User_109
49,O_Cancelled,2016-06-23 04:49:00.001000,complete,User_1
49,A_Cancelled,2016-06-23 04:49:00.017000,complete,User_1
37,W_Call after offers,2016-06-23 04:50:17.763207,complete,User_102
84,W_Call after offers,2016-06-23 04:50:18.173228,complete,User_100
69,W_Call after offers,2016-06-23 05:05:17.707007,complete,User_93
75,W_Call after offers,2016-06-23 05:05:18.094504,complete,User_107
75,A_Cancelled,2016-06-23 05:05:18.110504,complete,User_1
75,O_Cancelled,2016-06-23 05:05:18.111504,complete,User_1
87,W_Call after offers,2016-06-23 05:20:17.567615,complete,User_129
66,O_Create Offer,2016-06-23 10:04:00.463000,complete,User_12
66,O_Created,2016-06-23 10:04:00.552000,complete,User_12
66,O_Cancelled,2016-06-23 10:04:00.553000,complete,User_12
66,O_Create Offer,2016-06-23 10:04:01.016000,complete,User_12
66,O_Created,2016-06-23 10:04:01.105000,complete,User_12
66,O_Sent (mail and online),2016-06-23 10:04:01.106000,complete,User_12
66,A_Complete,2016-06-23 10:04:02.652000,complete,User_12
52,O_Create Offer,2016-06-23 10:19:00.463000,complete,User_21
36,O_Create Offer,2016-06-23 10:19:00.463000,complete,User_38
49,O_Create Offer,2016-06-23 10:19:00.463000,complete,User_85
97,O_Create Offer,2016-06-23 10:19:00.463000,complete,User_14
52,O_Created,2016-06-23 10:19:00.552000,complete,User_21
36,O_Created,2016-06-23 10:19:00.552000,complete,User_38
49,O_Created,2016-06-23 10:19:00.552000,complete,User_85
97,O_Created,2016-06-23 10:19:00.552000,complete,User_14
52,O_Cancelled,2016-06-23 10:19:00.553000,complete,User_21
36,O_Sent (mail and online),2016-06-23 10:19:00.553000,complete,User_38
49,O_Sent (mail and online),2016-06-23 10:19:00.553000,complete,User_85
97,O_Sent (mail and online),2016-06-23 10:19:00.553000,complete,User_14
52,O_Cancelled,2016-06-23 10:19:00.554000,complete,User_21
52,O_Create Offer,2016-06-23 10:19:01.017000,complete,User_21
52,O_Created,2016-06-23 10:19:01.106000,complete,User_21
52,O_Cancelled,2016-06-23 10:19:01.107000,complete,User_21
48,A_Validating,2016-06-23 10:19:01.154000,complete,User_12
69,A_Validating,2016-06-23 10:19:01.154000,complete,User_44
87,A_Validating,2016-06-23 10:19:01.154000,complete,User_10
44,A_Validating,2016-06-23 10:19:01.154000,complete,User_42
52,O_Create Offer,2016-06-23 10:19:01.570000,complete,User_21
52,O_Created,2016-06-23 10:19:01.659000,complete,User_42
52,O_Cancelled,2016-06-23 10:19:01.660000,complete,User_21
52,O_Cancelled,2016-06-23 10:19:01.661000,complete,User_42
97,A_Complete,2016-06-23 10:19:02.099000,complete,User_14
36,A_Complete,2016-06-23 10:19:02.099000,complete,User_38
49,A_Complete,2016-06-23 10:19:02.099000,complete,User_85
52,O_Create Offer,2016-06-23 10:19:02.124000,complete,User_10
52,O_Created,2016-06-23 10:19:02.213000,complete,User_12
52,O_Sent (mail and online),2016-06-23 10:19:02.214000,complete,User_14
52,A_Complete,2016-06-23 10:19:03.760000,complete,User_21
84,O_Create Offer,2016-06-23 10:34:00.463000,complete,User_28
37,O_Create Offer,2016-06-23 10:34:00.463000,complete,User_38
84,O_Created,2016-06-23 10:34:00.552000,complete,User_39
37,O_Created,2016-06-23 10:34:00.552000,complete,User_42
84,O_Cancelled,2016-06-23 10:34:00.553000,complete,User_21
37,O_Cancelled,2016-06-23 10:34:00.553000,complete,User_28
37,O_Cancelled,2016-06-23 10:34:00.554000,complete,User_52
37,O_Cancelled,2016-06-23 10:34:00.555000,complete,User_1
37,O_Cancelled,2016-06-23 10:34:00.556000,complete,User_10
37,O_Cancelled,2016-06-23 10:34:00.557000,complete,User_12
84,O_Create Offer,2016-06-23 10:34:01.016000,complete,User_85
37,O_Create Offer,2016-06-23 10:34:01.020000,complete,User_28
84,O_Created,2016-06-23 10:34:01.105000,complete,User_33
84,O_Sent (mail and online),2016-06-23 10:34:01.106000,complete,User_39
37,O_Created,2016-06-23 10:34:01.109000,complete,User_38
37,O_Sent (mail and online),2016-06-23 10:34:01.110000,complete,User_44
92,A_Validating,2016-06-23 10:34:01.154000,complete,User_14
84,A_Complete,2016-06-23 10:34:02.652000,complete,User_42
37,A_Complete,2016-06-23 10:34:02.656000,complete,User_49
69,W_Validate application,2016-06-23 11:49:01.551560,start,User_126
69,W_Validate application,2016-06-23 13:06:43.554542,complete,User_126
69,O_Returned,2016-06-23 13:06:45.079542,complete,User_126
69,A_Incomplete,2016-06-23 13:06:46.505542,complete,User_126
69,W_Call incomplete files,2016-06-23 13:06:47.283971,start,User_28
45,W_Validate application,2016-06-23 13:13:00.075680,start,User_126
45,W_Validate application,2016-06-23 14:30:42.078662,complete,User_126
45,O_Returned,2016-06-23 14:30:43.603662,complete,User_126
69,W_Call incomplete files,2016-06-23 20:26:29.407162,complete,User_28
48,W_Validate application,2016-06-24 06:23:00.522481,start,User_83
45,O_Accepted,2016-06-24 06:53:00.002000,complete,User_113
45,A_Pending,2016-06-24 06:53:00.003000,complete,User_113
76,W_Call after offers,2016-06-24 06:53:00.593674,start,User_87
92,W_Validate application,2016-06-24 06:53:00.794152,start,User_121
69,O_Create Offer,2016-06-24 06:58:00.463000,complete,User_14
69,O_Created,2016-06-24 06:58:00.552000,complete,User_14
69,O_Sent (mail and online),2016-06-24 06:58:00.553000,complete,User_14
69,A_Complete,2016-06-24 06:58:02.099000,complete,User_14
69,W_Call after offers,2016-06-24 06:58:02.387256,start,User_90
87,W_Validate application,2016-06-24 07:08:00.492250,start,User_113
26,W_Call after offers,2016-06-24 07:08:00.713768,start,User_30
44,W_Validate application,2016-06-24 07:08:00.727378,start,User_122
50,W_Call after offers,2016-06-24 07:08:00.990918,start,User_95
29,W_Call after offers,2016-06-24 07:38:00.292959,start,User_115
48,W_Validate application,2016-06-24 07:40:42.525463,complete,User_83
48,O_Returned,2016-06-24 07:40:44.050463,complete,User_114
48,O_Accepted,2016-06-24 07:40:44.052463,complete,User_117
48,A_Pending,2016-06-24 07:40:44.053463,complete,User_118
39,W_Call after offers,2016-06-24 07:53:00.103586,start,User_83
9,W_Call after offers,2016-06-24 07:53:00.635131,start,User_109
97,W_Call after offers,2016-06-24 07:53:00.712149,start,User_106
85,W_Call after offers,2016-06-24 08:08:00.209011,start,User_102
28,W_Call after offers,2016-06-24 08:08:00.943892,start,User_100
92,W_Validate application,2016-06-24 08:10:42.797134,complete,User_121
92,O_Returned,2016-06-24 08:10:44.322134,complete,User_114
92,O_Accepted,2016-06-24 08:10:44.324134,complete,User_117
92,A_Pending,2016-06-24 08:10:44.325134,complete,User_118
92,O_Cancelled,2016-06-24 08:10:44.326134,complete,User_114
92,O_Create Offer,2016-06-24 08:10:44.789134,complete,User_28
92,O_Created,2016-06-24 08:10:44.878134,complete,User_3
92,O_Sent (mail and online),2016-06-24 08:10:44.879134,complete,User_32
92,A_Complete,2016-06-24 08:10:46.425134,complete,User_40
59,W_Call after offers,2016-06-24 08:23:00.137369,start,User_107
77,W_Call after offers,2016-06-24 08:23:00.807120,start,User_93
87,W_Validate application,2016-06-24 08:25:42.495232,complete,User_113
44,W_Validate application,2016-06-24 08:25:42.730360,complete,User_122
87,O_Returned,2016-06-24 08:25:44.020232,complete,User_112
44,O_Returned,2016-06-24 08:25:44.255360,complete,User_113
44,A_Denied,2016-06-24 08:25:44.271360,complete,User_144
44,O_Refused,2016-06-24 08:25:44.276360,complete,User_144
87,A_Incomplete,2016-06-24 08:25:45.446232,complete,User_114
87,W_Call incomplete files,2016-06-24 08:25:45.726681,start,User_19
18,W_Call after offers,2016-06-24 08:38:00.389718,start,User_129
87,W_Call incomplete files,2016-06-24 15:45:27.849872,complete,User_19
87,O_Create Offer,2016-06-24 15:45:28.312872,complete,User_12
87,O_Created,2016-06-24 15:45:28.401872,complete,User_15
87,O_Sent (mail and online),2016-06-24 15:45:28.402872,complete,User_17
87,A_Complete,2016-06-24 15:45:29.948872,complete,User_18
42,W_Call after offers,2016-06-28 03:15:18.047626,complete,User_68
42,A_Cancelled,2016-06-28 04:17:00.016000,complete,User_1
42,O_Cancelled,2016-06-28 04:17:00.017000,complete,User_1
83,W_Call after offers,2016-06-28 06:52:00.326062,start,User_68
42,O_Create Offer,2016-06-28 07:08:00.463000,complete,User_104
42,O_Created,2016-06-28 07:08:00.552000,complete,User_104
42,O_Cancelled,2016-06-28 07:08:00.553000,complete,User_104
23,W_Call after offers,2016-06-28 08:03:20.451017,complete,User_99
23,O_Create Offer,2016-06-28 08:03:20.914017,complete,User_2
23,O_Created,2016-06-28 08:03:21.003017,complete,User_21
23,O_Cancelled,2016-06-28 08:03:21.004017,complete,User_119
23,O_Cancelled,2016-06-28 08:03:21.005017,complete,User_120
23,O_Cancelled,2016-06-28 08:03:21.006017,complete,User_121
23,O_Cancelled,2016-06-28 08:03:21.007017,complete,User_122
23,O_Cancelled,2016-06-28 08:03:21.008017,complete,User_123
23,O_Create Offer,2016-06-28 08:03:21.471017,complete,User_4
23,O_Created,2016-06-28 08:03:21.560017,complete,User_40
23,O_Cancelled,2016-06-28 08:03:21.561017,complete,User_2
23,O_Cancelled,2016-06-28 08:03:21.562017,complete,User_21
23,O_Create Offer,2016-06-28 08:03:22.025017,complete,User_54
23,O_Created,2016-06-28 08:03:22.114017,complete,User_58
23,O_Cancelled,2016-06-28 08:03:22.115017,complete,User_4
23,O_Create Offer,2016-06-28 08:03:22.578017,complete,User_96
23,O_Created,2016-06-28 08:03:22.667017,complete,User_104
23,O_Sent (mail and online),2016-06-28 08:03:22.668017,complete,User_11
23,A_Complete,2016-06-28 08:03:24.214017,complete,User_2
23,W_Call after offers,2016-06-28 08:03:24.470537,start,User_99
80,W_Call after offers,2016-06-28 09:22:38.268014,complete,User_75
80,A_Validating,2016-06-28 09:22:39.422014,complete,User_10
80,W_Validate application,2016-06-28 09:22:39.577959,start,User_112
87,W_Call after offers,2016-06-28 09:37:00.483361,start,User_75
80,W_Validate application,2016-06-28 10:40:21.580941,complete,User_112
80,O_Returned,2016-06-28 10:40:23.105941,complete,User_118
80,A_Denied,2016-06-28 10:40:23.121941,complete,User_138
80,O_Refused,2016-06-28 10:40:23.126941,complete,User_136
55,W_Call after offers,2016-06-28 11:07:38.377202,complete,User_29
55,O_Create Offer,2016-06-28 11:07:38.840202,complete,User_14
55,O_Created,2016-06-28 11:07:38.929202,complete,User_16
55,O_Cancelled,2016-06-28 11:07:38.930202,complete,User_113
55,O_Cancelled,2016-06-28 11:07:38.931202,complete,User_114
55,O_Create Offer,2016-06-28 11:07:39.394202,complete,User_2
55,O_Created,2016-06-28 11:07:39.483202,complete,User_20
55,O_Cancelled,2016-06-28 11:07:39.484202,complete,User_119
55,O_Create Offer,2016-06-28 11:07:39.947202,complete,User_23
55,O_Created,2016-06-28 11:07:40.036202,complete,User_25
55,O_Cancelled,2016-06-28 11:07:40.037202,complete,User_122
55,O_Create Offer,2016-06-28 11:07:40.500202,complete,User_28
55,O_Created,2016-06-28 11:07:40.589202,complete,User_3
55,O_Sent (mail and online),2016-06-28 11:07:40.590202,complete,User_31
55,A_Complete,2016-06-28 11:07:42.136202,complete,User_34
55,W_Call after offers,2016-06-28 11:07:42.225841,start,User_29
76,W_Call after offers,2016-06-30 03:35:18.076544,complete,User_87
69,W_Call after offers,2016-06-30 03:40:19.870126,complete,User_90
26,W_Call after offers,2016-06-30 03:50:18.196638,complete,User_30
50,W_Call after offers,2016-06-30 03:50:18.473788,complete,User_95
29,W_Call after offers,2016-06-30 04:20:17.775829,complete,User_115
39,W_Call after offers,2016-06-30 04:35:17.586456,complete,User_83
9,W_Call after offers,2016-06-30 04:35:18.118001,complete,User_109
97,W_Call after offers,2016-06-30 04:35:18.195019,complete,User_106
9,A_Cancelled,2016-06-30 04:49:00.016000,complete,User_1
9,O_Cancelled,2016-06-30 04:49:00.017000,complete,User_1
85,W_Call after offers,2016-06-30 04:50:17.691881,complete,User_102
28,W_Call after offers,2016-06-30 04:50:18.426762,complete,User_100
59,W_Call after offers,2016-06-30 05:05:17.620239,complete,User_107
77,W_Call after offers,2016-06-30 05:05:18.289990,complete,User_93
18,W_Call after offers,2016-06-30 05:20:17.872588,complete,User_129
76,O_Create Offer,2016-06-30 10:04:00.463000,complete,User_12
76,O_Created,2016-06-30 10:04:00.552000,complete,User_12
76,O_Sent (mail and online),2016-06-30 10:04:00.553000,complete,User_12
76,A_Complete,2016-06-30 10:04:02.099000,complete,User_12
59,O_Create Offer,2016-06-30 10:19:00.463000,complete,User_85
18,O_Create Offer,2016-06-30 10:19:00.463000,complete,User_10
77,O_Create Offer,2016-06-30 10:19:00.463000,complete,User_42
97,O_Create Offer,2016-06-30 10:19:00.463000,complete,User_44
59,O_Created,2016-06-30 10:19:00.552000,complete,User_85
18,O_Created,2016-06-30 10:19:00.552000,complete,User_10
77,O_Created,2016-06-30 10:19:00.552000,complete,User_42
97,O_Created,2016-06-30 10:19:00.552000,complete,User_44
59,O_Sent (mail and online),2016-06-30 10:19:00.553000,complete,User_85
18,O_Sent (mail and online),2016-06-30 10:19:00.553000,complete,User_10
77,O_Cancelled,2016-06-30 10:19:00.553000,complete,User_42
97,O_Cancelled,2016-06-30 10:19:00.553000,complete,User_44
77,O_Cancelled,2016-06-30 10:19:00.554000,complete,User_42
77,O_Cancelled,2016-06-30 10:19:00.555000,complete,User_42
77,O_Cancelled,2016-06-30 10:19:00.556000,complete,User_1
77,O_Cancelled,2016-06-30 10:19:00.557000,complete,User_42
97,O_Create Offer,2016-06-30 10:19:01.016000,complete,User_44
77,O_Create Offer,2016-06-30 10:19:01.020000,complete,User_42
97,O_Created,2016-06-30 10:19:01.105000,complete,User_44
97,O_Sent (mail and online),2016-06-30 10:19:01.106000,complete,User_44
77,O_Created,2016-06-30 10:19:01.109000,complete,User_42
77,O_Sent (mail and online),2016-06-30 10:19:01.110000,complete,User_42
50,A_Validating,2016-06-30 10:19:01.154000,complete,User_21
29,A_Validating,2016-06-30 10:19:01.154000,complete,User_12
39,A_Validating,2016-06-30 10:19:01.154000,complete,User_14
85,A_Validating,2016-06-30 10:19:01.154000,complete,User_38
59,A_Complete,2016-06-30 10:19:02.099000,complete,User_85
18,A_Complete,2016-06-30 10:19:02.099000,complete,User_10
97,A_Complete,2016-06-30 10:19:02.652000,complete,User_44
77,A_Complete,2016-06-30 10:19:02.656000,complete,User_42
26,O_Create Offer,2016-06-30 10:34:00.463000,complete,User_44
28,O_Create Offer,2016-06-30 10:34:00.463000,complete,User_49
26,O_Created,2016-06-30 10:34:00.552000,complete,User_52
28,O_Created,2016-06-30 10:34:00.552000,complete,User_85
26,O_Sent (mail and online),2016-06-30 10:34:00.553000,complete,User_10
28,O_Cancelled,2016-06-30 10:34:00.553000,complete,User_12
28,O_Cancelled,2016-06-30 10:34:00.554000,complete,User_14
28,O_Create Offer,2016-06-30 10:34:01.017000,complete,User_44
28,O_Created,2016-06-30 10:34:01.106000,complete,User_49
28,O_Sent (mail and online),2016-06-30 10:34:01.107000,complete,User_52
69,A_Validating,2016-06-30 10:34:01.154000,complete,User_28
26,A_Complete,2016-06-30 10:34:02.099000,complete,User_33
28,A_Complete,2016-06-30 10:34:02.653000,complete,User_85
29,W_Validate application,2016-06-30 11:49:01.216279,start,User_126
29,W_Validate application,2016-06-30 13:06:43.219261,complete,User_126
29,O_Returned,2016-06-30 13:06:44.744261,complete,User_126
29,O_Accepted,2016-06-30 13:06:44.746261,complete,User_126
29,A_Pending,2016-06-30 13:06:44.747261,complete,User_126
29,O_Cancelled,2016-06-30 13:06:44.748261,complete,User_12
29,O_Create Offer,2016-06-30 13:06:45.211261,complete,User_28
29,O_Created,2016-06-30 13:06:45.300261,complete,User_33
29,O_Sent (mail and online),2016-06-30 13:06:45.301261,complete,User_35
29,A_Complete,2016-06-30 13:06:46.847261,complete,User_38
85,W_Validate application,2016-06-30 13:19:01.321405,start,User_126
85,W_Validate application,2016-06-30 14:36:43.324387,complete,User_126
76,W_Call after offers,2016-07-01 06:23:00.886445,start,User_83
28,W_Call after offers,2016-07-01 06:53:00.132436,start,User_87
50,W_Validate application,2016-07-01 06:53:00.722652,start,User_113
85,O_Returned,2016-07-01 06:53:01.525000,complete,User_121
85,A_Incomplete,2016-07-01 06:53:02.951000,complete,User_121
85,W_Call incomplete files,2016-07-01 06:58:00.690948,start,User_14
97,W_Call after offers,2016-07-01 07:08:00.303826,start,User_30
39,W_Validate application,2016-07-01 07:08:00.596584,start,User_122
69,W_Validate application,2016-07-01 07:08:00.626980,start,User_121
92,W_Call after offers,2016-07-01 07:08:00.679516,start,User_90
7,W_Call after offers,2016-07-01 07:08:00.830097,start,User_95
60,W_Call after offers,2016-07-01 07:38:00.778192,start,User_115
58,W_Call after offers,2016-07-01 07:53:00.447385,start,User_106
32,W_Call after offers,2016-07-01 07:53:00.496227,start,User_109
56,W_Call after offers,2016-07-01 08:08:00.290737,start,User_102
37,W_Call after offers,2016-07-01 08:08:00.500746,start,User_100
50,W_Validate application,2016-07-01 08:10:42.725634,complete,User_113
50,O_Returned,2016-07-01 08:10:44.250634,complete,User_113
50,O_Accepted,2016-07-01 08:10:44.252634,complete,User_114
50,A_Pending,2016-07-01 08:10:44.253634,complete,User_117
31,W_Call after offers,2016-07-01 08:23:00.413851,start,User_107
89,W_Call after offers,2016-07-01 08:23:00.734228,start,User_93
39,W_Validate application,2016-07-01 08:25:42.599566,complete,User_122
69,W_Validate application,2016-07-01 08:25:42.629962,complete,User_121
39,O_Returned,2016-07-01 08:25:44.124566,complete,User_112
69,O_Returned,2016-07-01 08:25:44.154962,complete,User_113
69,O_Accepted,2016-07-01 08:25:44.156962,complete,User_117
69,A_Pending,2016-07-01 08:25:44.157962,complete,User_118
39,A_Incomplete,2016-07-01 08:25:45.550566,complete,User_114
39,W_Call incomplete files,2016-07-01 08:25:45.925272,start,User_15
38,W_Call after offers,2016-07-01 08:38:00.665569,start,User_129
85,W_Call incomplete files,2016-07-01 14:17:42.814139,complete,User_14
85,O_Create Offer,2016-07-01 14:17:43.277139,complete,User_12
85,O_Created,2016-07-01 14:17:43.366139,complete,User_13
85,O_Cancelled,2016-07-01 14:17:43.367139,complete,User_11
85,O_Create Offer,2016-07-01 14:17:43.830139,complete,User_16
85,O_Created,2016-07-01 14:17:43.919139,complete,User_17
85,O_Sent (mail and online),2016-07-01 14:17:43.920139,complete,User_18
85,A_Complete,2016-07-01 14:17:45.466139,complete,User_19
39,W_Call incomplete files,2016-07-01 15:45:28.048463,complete,User_15
39,O_Create Offer,2016-07-01 15:45:28.511463,complete,User_20
39,O_Created,2016-07-01 15:45:28.600463,complete,User_23
39,O_Sent (mail and online),2016-07-01 15:45:28.601463,complete,User_24
39,A_Complete,2016-07-01 15:45:30.147463,complete,User_25
83,W_Call after offers,2016-07-04 03:34:17.808932,complete,User_68
83,A_Validating,2016-07-04 04:38:01.154000,complete,User_103
23,W_Call after offers,2016-07-04 04:45:41.953407,complete,User_99
23,O_Create Offer,2016-07-04 04:45:42.416407,complete,User_103
23,O_Created,2016-07-04 04:45:42.505407,complete,User_103
23,O_Sent (mail and online),2016-07-04 04:45:42.506407,complete,User_103
23,A_Complete,2016-07-04 04:45:44.052407,complete,User_103
39,W_Call after offers,2016-07-04 05:43:00.700690,start,User_68
87,W_Call after offers,2016-07-04 06:19:17.966231,complete,User_75
87,A_Validating,2016-07-04 06:19:19.120231,complete,User_103
83,W_Validate application,2016-07-04 06:43:00.736865,start,User_112
87,W_Validate application,2016-07-04 06:49:19.359858,start,User_113
84,W_Call after offers,2016-07-04 06:58:00.828058,start,User_99
17,W_Call after offers,2016-07-04 07:43:00.261850,start,User_75
55,W_Call after offers,2016-07-04 07:49:59.708711,complete,User_29
55,O_Cancelled,2016-07-04 07:49:59.709711,complete,User_116
55,A_Cancelled,2016-07-04 07:49:59.725711,complete,User_32
83,W_Validate application,2016-07-04 08:00:42.739847,complete,User_112
83,O_Returned,2016-07-04 08:00:44.264847,complete,User_112
83,O_Accepted,2016-07-04 08:00:44.266847,complete,User_116
83,A_Pending,2016-07-04 08:00:44.267847,complete,User_118
83,O_Cancelled,2016-07-04 08:00:44.268847,complete,User_112
83,O_Cancelled,2016-07-04 08:00:44.269847,complete,User_116
83,O_Cancelled,2016-07-04 08:00:44.270847,complete,User_118
83,O_Create Offer,2016-07-04 08:00:44.733847,complete,User_32
83,O_Created,2016-07-04 08:00:44.822847,complete,User_42
83,O_Cancelled,2016-07-04 08:00:44.823847,complete,User_15
83,O_Cancelled,2016-07-04 08:00:44.824847,complete,User_16
83,O_Create Offer,2016-07-04 08:00:45.287847,complete,User_48
83,O_Created,2016-07-04 08:00:45.376847,complete,User_65
83,O_Cancelled,2016-07-04 08:00:45.377847,complete,User_42
83,O_Cancelled,2016-07-04 08:00:45.378847,complete,User_45
83,O_Cancelled,2016-07-04 08:00:45.379847,complete,User_48
83,O_Cancelled,2016-07-04 08:00:45.380847,complete,User_65
83,O_Cancelled,2016-07-04 08:00:45.381847,complete,User_77
83,O_Cancelled,2016-07-04 08:00:45.382847,complete,User_1
83,O_Cancelled,2016-07-04 08:00:45.383847,complete,User_103
83,O_Cancelled,2016-07-04 08:00:45.384847,complete,User_112
83,O_Create Offer,2016-07-04 08:00:45.847847,complete,User_19
83,O_Created,2016-07-04 08:00:45.936847,complete,User_32
83,O_Sent (mail and online),2016-07-04 08:00:45.937847,complete,User_42
83,A_Complete,2016-07-04 08:00:47.483847,complete,User_45
87,W_Validate application,2016-07-04 08:07:01.362840,complete,User_113
87,O_Returned,2016-07-04 08:07:02.887840,complete,User_112
87,A_Incomplete,2016-07-04 08:07:04.313840,complete,User_112
87,W_Call incomplete files,2016-07-04 08:07:04.749322,start,User_132
22,W_Call after offers,2016-07-04 08:28:00.528171,start,User_29
87,W_Call incomplete files,2016-07-04 15:26:46.872513,complete,User_132
87,O_Create Offer,2016-07-04 15:26:47.335513,complete,User_13
87,O_Created,2016-07-04 15:26:47.424513,complete,User_14
87,O_Cancelled,2016-07-04 15:26:47.425513,complete,User_114
87,O_Create Offer,2016-07-04 15:26:47.888513,complete,User_19
87,O_Created,2016-07-04 15:26:47.977513,complete,User_28
87,O_Cancelled,2016-07-04 15:26:47.978513,complete,User_13
87,O_Create Offer,2016-07-04 15:26:48.441513,complete,User_35
87,O_Created,2016-07-04 15:26:48.530513,complete,User_37
87,O_Cancelled,2016-07-04 15:26:48.531513,complete,User_133
87,O_Cancelled,2016-07-04 15:26:48.532513,complete,User_14
87,O_Create Offer,2016-07-04 15:26:48.995513,complete,User_43
87,O_Created,2016-07-04 15:26:49.084513,complete,User_44
87,O_Sent (mail and online),2016-07-04 15:26:49.085513,complete,User_46
87,A_Complete,2016-07-04 15:26:50.631513,complete,User_50
76,W_Call after offers,2016-07-07 03:05:18.369315,complete,User_83
28,W_Call after offers,2016-07-07 03:35:17.615306,complete,User_87
97,W_Call after offers,2016-07-07 03:50:17.786696,complete,User_30
92,W_Call after offers,2016-07-07 03:50:18.162386,complete,User_90
7,W_Call after offers,2016-07-07 03:50:18.312967,complete,User_95
60,W_Call after offers,2016-07-07 04:20:18.261062,complete,User_115
58,W_Call after offers,2016-07-07 04:35:17.930255,complete,User_106
32,W_Call after offers,2016-07-07 04:35:17.979097,complete,User_109
92,A_Cancelled,2016-07-07 04:49:00.016000,complete,User_1
92,O_Cancelled,2016-07-07 04:49:00.017000,complete,User_1
56,W_Call after offers,2016-07-07 04:50:17.773607,complete,User_102
56,A_Cancelled,2016-07-07 04:50:17.789607,complete,User_1
56,O_Cancelled,2016-07-07 04:50:17.790607,complete,User_1
37,W_Call after offers,2016-07-07 04:50:17.983616,complete,User_100
58,A_Cancelled,2016-07-07 05:04:00.016000,complete,User_1
58,O_Cancelled,2016-07-07 05:04:00.017000,complete,User_1
58,O_Cancelled,2016-07-07 05:04:00.018000,complete,User_1
31,W_Call after offers,2016-07-07 05:05:17.896721,complete,User_107
89,W_Call after offers,2016-07-07 05:05:18.217098,complete,User_93
38,W_Call after offers,2016-07-07 05:20:18.148439,complete,User_129
38,A_Cancelled,2016-07-07 05:20:18.164439,complete,User_1
38,O_Cancelled,2016-07-07 05:20:18.165439,complete,User_1
31,O_Create Offer,2016-07-07 10:04:00.463000,complete,User_12
31,O_Created,2016-07-07 10:04:00.552000,complete,User_12
31,O_Sent (mail and online),2016-07-07 10:04:00.553000,complete,User_12
31,A_Complete,2016-07-07 10:04:02.099000,complete,User_12
97,O_Create Offer,2016-07-07 10:19:00.463000,complete,User_14
37,O_Create Offer,2016-07-07 10:19:00.463000,complete,User_21
7,O_Create Offer,2016-07-07 10:19:00.463000,complete,User_38
58,O_Create Offer,2016-07-07 10:19:00.463000,complete,User_12
28,O_Create Offer,2016-07-07 10:19:00.463000,complete,User_42
89,O_Create Offer,2016-07-07 10:19:00.463000,complete,User_85
60,O_Create Offer,2016-07-07 10:19:00.463000,complete,User_10
56,O_Create Offer,2016-07-07 10:19:00.463000,complete,User_44
97,O_Created,2016-07-07 10:19:00.552000,complete,User_14
37,O_Created,2016-07-07 10:19:00.552000,complete,User_21
7,O_Created,2016-07-07 10:19:00.552000,complete,User_38
89,O_Created,2016-07-07 10:19:00.552000,complete,User_85
60,O_Created,2016-07-07 10:19:00.552000,complete,User_10
56,O_Created,2016-07-07 10:19:00.552000,complete,User_44
58,O_Created,2016-07-07 10:19:00.552000,complete,User_12
28,O_Created,2016-07-07 10:19:00.552000,complete,User_42
97,O_Sent (mail and online),2016-07-07 10:19:00.553000,complete,User_14
37,O_Cancelled,2016-07-07 10:19:00.553000,complete,User_21
7,O_Sent (mail and online),2016-07-07 10:19:00.553000,complete,User_38
56,O_Sent (mail and online),2016-07-07 10:19:00.553000,complete,User_44
58,O_Sent (mail and online),2016-07-07 10:19:00.553000,complete,User_12
28,O_Cancelled,2016-07-07 10:19:00.553000,complete,User_42
89,O_Cancelled,2016-07-07 10:19:00.553000,complete,User_85
60,O_Sent (mail and online),2016-07-07 10:19:00.553000,complete,User_10
28,O_Cancelled,2016-07-07 10:19:00.554000,complete,User_42
37,O_Create Offer,2016-07-07 10:19:01.016000,complete,User_21
89,O_Create Offer,2016-07-07 10:19:01.016000,complete,User_85
28,O_Create Offer,2016-07-07 10:19:01.017000,complete,User_42
37,O_Created,2016-07-07 10:19:01.105000,complete,User_21
89,O_Created,2016-07-07 10:19:01.105000,complete,User_85
28,O_Created,2016-07-07 10:19:01.106000,complete,User_42
37,O_Cancelled,2016-07-07 10:19:01.106000,complete,User_21
89,O_Sent (mail and online),2016-07-07 10:19:01.106000,complete,User_85
28,O_Cancelled,2016-07-07 10:19:01.107000,complete,User_1
37,O_Cancelled,2016-07-07 10:19:01.107000,complete,User_21
37,O_Cancelled,2016-07-07 10:19:01.108000,complete,User_21
37,O_Cancelled,2016-07-07 10:19:01.109000,complete,User_1
37,O_Cancelled,2016-07-07 10:19:01.110000,complete,User_21
28,O_Create Offer,2016-07-07 10:19:01.570000,complete,User_42
37,O_Create Offer,2016-07-07 10:19:01.573000,complete,User_21
28,O_Created,2016-07-07 10:19:01.659000,complete,User_42
28,O_Cancelled,2016-07-07 10:19:01.660000,complete,User_42
37,O_Created,2016-07-07 10:19:01.662000,complete,User_21
37,O_Sent (mail and online),2016-07-07 10:19:01.663000,complete,User_21
97,A_Complete,2016-07-07 10:19:02.099000,complete,User_14
7,A_Complete,2016-07-07 10:19:02.099000,complete,User_38
60,A_Complete,2016-07-07 10:19:02.099000,complete,User_10
56,A_Complete,2016-07-07 10:19:02.099000,complete,User_44
58,A_Complete,2016-07-07 10:19:02.099000,complete,User_12
28,O_Create Offer,2016-07-07 10:19:02.123000,complete,User_42
28,O_Created,2016-07-07 10:19:02.212000,complete,User_38
28,O_Sent (mail and online),2016-07-07 10:19:02.213000,complete,User_42
89,A_Complete,2016-07-07 10:19:02.652000,complete,User_85
37,A_Complete,2016-07-07 10:19:03.209000,complete,User_21
28,A_Complete,2016-07-07 10:19:03.759000,complete,User_44
32,O_Create Offer,2016-07-07 10:34:00.463000,complete,User_49
32,O_Created,2016-07-07 10:34:00.552000,complete,User_52
32,O_Cancelled,2016-07-07 10:34:00.553000,complete,User_33
32,O_Cancelled,2016-07-07 10:34:00.554000,complete,User_38
32,O_Cancelled,2016-07-07 10:34:00.555000,complete,User_39
32,O_Create Offer,2016-07-07 10:34:01.018000,complete,User_85
32,O_Created,2016-07-07 10:34:01.107000,complete,User_10
32,O_Cancelled,2016-07-07 10:34:01.108000,complete,User_10
32,O_Cancelled,2016-07-07 10:34:01.109000,complete,User_12
76,A_Validating,2016-07-07 10:34:01.154000,complete,User_28
32,O_Create Offer,2016-07-07 10:34:01.572000,complete,User_33
32,O_Created,2016-07-07 10:34:01.661000,complete,User_38
32,O_Cancelled,2016-07-07 10:34:01.662000,complete,User_14
32,O_Cancelled,2016-07-07 10:34:01.663000,complete,User_21
32,O_Create Offer,2016-07-07 10:34:02.126000,complete,User_52
32,O_Created,2016-07-07 10:34:02.215000,complete,User_85
32,O_Sent (mail and online),2016-07-07 10:34:02.216000,complete,User_10
32,A_Complete,2016-07-07 10:34:03.762000,complete,User_12
76,W_Validate application,2016-07-07 11:49:01.845859,start,User_126
76,W_Validate application,2016-07-07 13:06:43.848841,complete,User_126
76,O_Returned,2016-07-07 13:06:45.373841,complete,User_126
76,A_Incomplete,2016-07-07 13:06:46.799841,complete,User_126
76,W_Call incomplete files,2016-07-07 13:06:46.935540,start,User_28
76,W_Call incomplete files,2016-07-07 20:26:29.058731,complete,User_28
58,W_Call after offers,2016-07-08 06:23:00.029598,start,User_83
76,A_Validating,2016-07-08 06:45:01.154000,complete,User_113
76,W_Validate application,2016-07-08 06:45:01.936295,start,User_113
89,W_Call after offers,2016-07-08 06:53:00.753406,start,User_87
40,W_Call after offers,2016-07-08 07:08:00.430396,start,User_95
31,W_Call after offers,2016-07-08 07:08:00.874294,start,User_30
97,W_Call after offers,2016-07-08 07:08:00.935328,start,User_90
70,W_Call after offers,2016-07-08 07:38:00.567501,start,User_115
77,W_Call after offers,2016-07-08 07:53:00.430697,start,User_109
56,W_Call after offers,2016-07-08 07:53:00.999464,start,User_106
76,W_Validate application,2016-07-08 08:02:43.939277,complete,User_113
76,O_Returned,2016-07-08 08:02:45.464277,complete,User_113
76,O_Accepted,2016-07-08 08:02:45.466277,complete,User_114
76,A_Pending,2016-07-08 08:02:45.467277,complete,User_117
76,O_Cancelled,2016-07-08 08:02:45.468277,complete,User_113
76,O_Create Offer,2016-07-08 08:02:45.931277,complete,User_28
76,O_Created,2016-07-08 08:02:46.020277,complete,User_32
76,O_Cancelled,2016-07-08 08:02:46.021277,complete,User_130
76,O_Cancelled,2016-07-08 08:02:46.022277,complete,User_134
76,O_Create Offer,2016-07-08 08:02:46.485277,complete,User_40
76,O_Created,2016-07-08 08:02:46.574277,complete,User_45
76,O_Sent (mail and online),2016-07-08 08:02:46.575277,complete,User_54
76,A_Complete,2016-07-08 08:02:48.121277,complete,User_58
76,W_Call after offers,2016-07-08 08:02:48.286554,start,User_100
100,W_Call after offers,2016-07-08 08:08:00.599634,start,User_102
16,W_Call after offers,2016-07-08 08:23:00.165436,start,User_107
85,W_Call after offers,2016-07-08 08:23:00.664301,start,User_93
19,W_Call after offers,2016-07-08 08:38:00.374967,start,User_129
39,W_Call after offers,2016-07-10 02:25:18.183560,complete,User_68
84,W_Call after offers,2016-07-10 03:40:18.310928,complete,User_99
84,O_Cancelled,2016-07-10 03:40:18.311928,complete,User_1
84,A_Cancelled,2016-07-10 03:40:18.327928,complete,User_1
17,W_Call after offers,2016-07-10 04:25:17.744720,complete,User_75
22,W_Call after offers,2016-07-10 05:10:18.011041,complete,User_29
21,W_Call after offers,2016-07-10 06:33:00.001883,start,User_68
17,A_Validating,2016-07-10 06:41:01.154000,complete,User_118
17,W_Validate application,2016-07-10 06:41:01.676163,start,User_118
59,W_Call after offers,2016-07-10 06:48:00.414651,start,User_75
22,O_Create Offer,2016-07-10 07:02:00.463000,complete,User_26
22,O_Created,2016-07-10 07:02:00.552000,complete,User_26
22,O_Cancelled,2016-07-10 07:02:00.553000,complete,User_127
22,O_Create Offer,2016-07-10 07:02:01.016000,complete,User_26
22,O_Created,2016-07-10 07:02:01.105000,complete,User_26
22,O_Cancelled,2016-07-10 07:02:01.106000,complete,User_127
22,O_Cancelled,2016-07-10 07:02:01.107000,complete,User_26
22,O_Create Offer,2016-07-10 07:02:01.570000,complete,User_26
22,O_Created,2016-07-10 07:02:01.659000,complete,User_26
22,O_Sent (mail and online),2016-07-10 07:02:01.660000,complete,User_26
22,A_Complete,2016-07-10 07:02:03.206000,complete,User_26
84,O_Create Offer,2016-07-10 07:17:00.463000,complete,User_55
39,O_Create Offer,2016-07-10 07:17:00.463000,complete,User_65
84,O_Created,2016-07-10 07:17:00.552000,complete,User_91
39,O_Created,2016-07-10 07:17:00.552000,complete,User_97
84,O_Cancelled,2016-07-10 07:17:00.553000,complete,User_65
39,O_Cancelled,2016-07-10 07:17:00.553000,complete,User_91
39,O_Cancelled,2016-07-10 07:17:00.554000,complete,User_97
39,O_Cancelled,2016-07-10 07:17:00.555000,complete,User_1
39,O_Cancelled,2016-07-10 07:17:00.556000,complete,User_121
39,O_Create Offer,2016-07-10 07:17:01.019000,complete,User_26
39,O_Created,2016-07-10 07:17:01.108000,complete,User_55
39,O_Cancelled,2016-07-10 07:17:01.109000,complete,User_55
39,O_Cancelled,2016-07-10 07:17:01.110000,complete,User_65
39,O_Cancelled,2016-07-10 07:17:01.111000,complete,User_91
39,O_Cancelled,2016-07-10 07:17:01.112000,complete,User_97
39,O_Cancelled,2016-07-10 07:17:01.113000,complete,User_1
39,O_Cancelled,2016-07-10 07:17:01.114000,complete,User_121
39,O_Create Offer,2016-07-10 07:17:01.577000,complete,User_26
39,O_Created,2016-07-10 07:17:01.666000,complete,User_55
39,O_Sent (mail and online),2016-07-10 07:17:01.667000,complete,User_65
39,A_Complete,2016-07-10 07:17:03.213000,complete,User_91
17,W_Validate application,2016-07-10 07:58:43.679145,complete,User_118
17,O_Returned,2016-07-10 07:58:45.204145,complete,User_116
17,A_Incomplete,2016-07-10 07:58:46.630145,complete,User_116
17,W_Call incomplete files,2016-07-10 07:58:47.044567,start,User_14
22,W_Call after offers,2016-07-10 08:02:04.065426,start,User_99
39,W_Call after offers,2016-07-10 08:32:03.642606,start,User_29
17,W_Call incomplete files,2016-07-10 15:18:29.167758,complete,User_14
17,O_Create Offer,2016-07-10 15:18:29.630758,complete,User_15
17,O_Created,2016-07-10 15:18:29.719758,complete,User_19
17,O_Sent (mail and online),2016-07-10 15:18:29.720758,complete,User_22
17,A_Complete,2016-07-10 15:18:31.266758,complete,User_23
58,W_Call after offers,2016-07-14 03:05:17.512468,complete,User_83
89,W_Call after offers,2016-07-14 03:35:18.236276,complete,User_87
40,W_Call after offers,2016-07-14 03:50:17.913266,complete,User_95
31,W_Call after offers,2016-07-14 03:50:18.357164,complete,User_30
97,W_Call after offers,2016-07-14 03:50:18.418198,complete,User_90
70,W_Call after offers,2016-07-14 04:20:18.050371,complete,User_115
77,W_Call after offers,2016-07-14 04:35:17.913567,complete,User_109
56,W_Call after offers,2016-07-14 04:35:18.482334,complete,User_106
76,W_Call after offers,2016-07-14 04:45:05.769424,complete,User_100
97,A_Cancelled,2016-07-14 04:49:00.016000,complete,User_1
97,O_Cancelled,2016-07-14 04:49:00.017000,complete,User_1
100,W_Call after offers,2016-07-14 04:50:18.082504,complete,User_102
100,A_Cancelled,2016-07-14 04:50:18.098504,complete,User_1
100,O_Cancelled,2016-07-14 04:50:18.099504,complete,User_1
16,W_Call after offers,2016-07-14 05:05:17.648306,complete,User_107
85,W_Call after offers,2016-07-14 05:05:18.147171,complete,User_93
85,O_Cancelled,2016-07-14 05:05:18.148171,complete,User_1
85,A_Cancelled,2016-07-14 05:05:18.164171,complete,User_1
19,W_Call after offers,2016-07-14 05:20:17.857837,complete,User_129
89,O_Create Offer,2016-07-14 10:04:00.463000,complete,User_12
89,O_Created,2016-07-14 10:04:00.552000,complete,User_12
89,O_Sent (mail and online),2016-07-14 10:04:00.553000,complete,User_12
89,A_Complete,2016-07-14 10:04:02.099000,complete,User_12
76,O_Create Offer,2016-07-14 10:19:00.463000,complete,User_21
31,O_Create Offer,2016-07-14 10:19:00.463000,complete,User_38
97,O_Create Offer,2016-07-14 10:19:00.463000,complete,User_42
77,O_Create Offer,2016-07-14 10:19:00.463000,complete,User_44
85,O_Create Offer,2016-07-14 10:19:00.463000,complete,User_10
76,O_Created,2016-07-14 10:19:00.552000,complete,User_21
31,O_Created,2016-07-14 10:19:00.552000,complete,User_38
97,O_Created,2016-07-14 10:19:00.552000,complete,User_42
77,O_Created,2016-07-14 10:19:00.552000,complete,User_44
85,O_Created,2016-07-14 10:19:00.552000,complete,User_10
76,O_Cancelled,2016-07-14 10:19:00.553000,complete,User_21
31,O_Sent (mail and online),2016-07-14 10:19:00.553000,complete,User_38
97,O_Cancelled,2016-07-14 10:19:00.553000,complete,User_42
77,O_Sent (mail and online),2016-07-14 10:19:00.553000,complete,User_44
85,O_Cancelled,2016-07-14 10:19:00.553000,complete,User_1
76,O_Cancelled,2016-07-14 10:19:00.554000,complete,User_10
85,O_Cancelled,2016-07-14 10:19:00.554000,complete,User_42
76,O_Create Offer,2016-07-14 10:19:01.017000,complete,User_10
85,O_Create Offer,2016-07-14 10:19:01.017000,complete,User_42
76,O_Created,2016-07-14 10:19:01.106000,complete,User_44
85,O_Created,2016-07-14 10:19:01.106000,complete,User_10
76,O_Cancelled,2016-07-14 10:19:01.107000,complete,User_42
85,O_Cancelled,2016-07-14 10:19:01.107000,complete,User_44
40,A_Validating,2016-07-14 10:19:01.154000,complete,User_12
70,A_Validating,2016-07-14 10:19:01.154000,complete,User_14
16,A_Validating,2016-07-14 10:19:01.154000,complete,User_85
76,O_Create Offer,2016-07-14 10:19:01.570000,complete,User_10
85,O_Create Offer,2016-07-14 10:19:01.570000,complete,User_42
76,O_Created,2016-07-14 10:19:01.659000,complete,User_44
85,O_Created,2016-07-14 10:19:01.659000,complete,User_85
76,O_Sent (mail and online),2016-07-14 10:19:01.660000,complete,User_10
85,O_Cancelled,2016-07-14 10:19:01.660000,complete,User_12
77,A_Complete,2016-07-14 10:19:02.099000,complete,User_38
31,A_Complete,2016-07-14 10:19:02.099000,complete,User_21
76,A_Complete,2016-07-14 10:19:03.206000,complete,User_42
58,O_Create Offer,2016-07-14 10:34:00.463000,complete,User_44
19,O_Create Offer,2016-07-14 10:34:00.463000,complete,User_49
58,O_Created,2016-07-14 10:34:00.552000,complete,User_52
19,O_Created,2016-07-14 10:34:00.552000,complete,User_85
58,O_Sent (mail and online),2016-07-14 10:34:00.553000,complete,User_10
19,O_Cancelled,2016-07-14 10:34:00.553000,complete,User_12
19,O_Cancelled,2016-07-14 10:34:00.554000,complete,User_14
19,O_Cancelled,2016-07-14 10:34:00.555000,complete,User_33
19,O_Cancelled,2016-07-14 10:34:00.556000,complete,User_38
19,O_Cancelled,2016-07-14 10:34:00.557000,complete,User_39
19,O_Create Offer,2016-07-14 10:34:01.020000,complete,User_85
19,O_Created,2016-07-14 10:34:01.109000,complete,User_10
19,O_Sent (mail and online),2016-07-14 10:34:01.110000,complete,User_12
56,A_Validating,2016-07-14 10:34:01.154000,complete,User_21
58,A_Complete,2016-07-14 10:34:02.099000,complete,User_28
19,A_Complete,2016-07-14 10:34:02.656000,complete,User_14
40,W_Validate application,2016-07-14 11:49:01.234064,start,User_126
40,W_Validate application,2016-07-14 13:06:43.237046,complete,User_126
40,O_Returned,2016-07-14 13:06:44.762046,complete,User_126
40,W_Call incomplete files,2016-07-14 13:06:44.890004,start,User_21
56,W_Validate application,2016-07-14 13:19:01.812017,start,User_126
56,W_Validate application,2016-07-14 14:36:43.814999,complete,User_126
40,W_Call incomplete files,2016-07-14 20:26:27.013195,complete,User_21
19,W_Call after offers,2016-07-15 06:23:00.636235,start,User_83
63,W_Call after offers,2016-07-15 06:53:00.418829,start,User_87
40,A_Incomplete,2016-07-15 06:53:01.426000,complete,User_113
56,O_Returned,2016-07-15 06:53:01.525000,complete,User_121
56,A_Incomplete,2016-07-15 06:53:02.951000,complete,User_121
40,O_Create Offer,2016-07-15 06:58:00.463000,complete,User_14
40,O_Created,2016-07-15 06:58:00.552000,complete,User_14
40,O_Cancelled,2016-07-15 06:58:00.553000,complete,User_113
40,O_Create Offer,2016-07-15 06:58:01.016000,complete,User_14
40,O_Created,2016-07-15 06:58:01.105000,complete,User_14
40,O_Sent (mail and online),2016-07-15 06:58:01.106000,complete,User_14
40,A_Complete,2016-07-15 06:58:02.652000,complete,User_14
40,W_Call after offers,2016-07-15 06:58:03.404337,start,User_90
70,W_Validate application,2016-07-15 07:08:00.700778,start,User_121
26,W_Call after offers,2016-07-15 07:08:00.785717,start,User_30
77,W_Call after offers,2016-07-15 07:08:00.883792,start,User_95
16,W_Validate application,2016-07-15 07:08:00.988014,start,User_122
56,W_Call incomplete files,2016-07-15 07:13:00.199107,start,User_91
65,W_Call after offers,2016-07-15 07:38:00.924503,start,User_115
78,W_Call after offers,2016-07-15 07:53:00.192159,start,User_109
18,W_Call after offers,2016-07-15 07:53:00.511859,start,User_106
28,W_Call after offers,2016-07-15 08:08:00.227999,start,User_100
74,W_Call after offers,2016-07-15 08:08:00.341651,start,User_102
83,W_Call after offers,2016-07-15 08:23:00.084904,start,User_107
47,W_Call after offers,2016-07-15 08:23:00.176454,start,User_93
70,W_Validate application,2016-07-15 08:25:42.703760,complete,User_121
16,W_Validate application,2016-07-15 08:25:42.990996,complete,User_122
70,O_Returned,2016-07-15 08:25:44.228760,complete,User_123
16,O_Returned,2016-07-15 08:25:44.515996,complete,User_125
16,O_Accepted,2016-07-15 08:25:44.517996,complete,User_130
16,A_Pending,2016-07-15 08:25:44.518996,complete,User_131
70,A_Incomplete,2016-07-15 08:25:45.654760,complete,User_126
70,W_Call incomplete files,2016-07-15 08:25:46.149637,start,User_25
37,W_Call after offers,2016-07-15 08:38:00.627021,start,User_129
56,W_Call incomplete files,2016-07-15 14:32:42.322298,complete,User_91
56,O_Cancelled,2016-07-15 14:32:42.323298,complete,User_11
56,A_Cancelled,2016-07-15 14:32:42.339298,complete,User_15
56,O_Cancelled,2016-07-15 14:32:42.340298,complete,User_116
70,W_Call incomplete files,2016-07-15 15:45:28.272828,complete,User_25
70,A_Validating,2016-07-15 15:45:29.426828,complete,User_133
70,W_Validate application,2016-07-15 15:45:29.890874,start,User_140
70,W_Validate application,2016-07-15 17:03:11.893856,complete,User_140
70,O_Returned,2016-07-15 17:03:13.418856,complete,User_133
70,A_Incomplete,2016-07-15 17:03:14.844856,complete,User_133
70,W_Call incomplete files,2016-07-15 17:03:14.863656,start,User_34
70,W_Call incomplete files,2016-07-16 00:22:56.986847,complete,User_34
21,W_Call after offers,2016-07-16 03:15:17.484753,complete,User_68
21,A_Cancelled,2016-07-16 03:15:17.500753,complete,User_1
21,O_Cancelled,2016-07-16 03:15:17.501753,complete,User_1
21,O_Cancelled,2016-07-16 03:15:17.502753,complete,User_1
59,W_Call after offers,2016-07-16 03:30:17.897521,complete,User_75
22,W_Call after offers,2016-07-16 04:44:21.548296,complete,User_99
39,W_Call after offers,2016-07-16 05:14:21.125476,complete,User_29
5,W_Call after offers,2016-07-16 06:02:00.141457,start,User_68
59,O_Create Offer,2016-07-16 06:24:00.463000,complete,User_5
59,O_Created,2016-07-16 06:24:00.552000,complete,User_5
59,O_Sent (mail and online),2016-07-16 06:24:00.553000,complete,User_5
59,A_Complete,2016-07-16 06:24:02.099000,complete,User_5
39,O_Create Offer,2016-07-16 06:39:00.463000,complete,User_5
39,O_Created,2016-07-16 06:39:00.552000,complete,User_5
39,O_Sent (mail and online),2016-07-16 06:39:00.553000,complete,User_5
39,A_Complete,2016-07-16 06:39:02.099000,complete,User_5
22,O_Create Offer,2016-07-16 06:54:00.463000,complete,User_5
22,O_Created,2016-07-16 06:54:00.552000,complete,User_5
22,O_Cancelled,2016-07-16 06:54:00.553000,complete,User_5
22,O_Cancelled,2016-07-16 06:54:00.554000,complete,User_1
22,O_Create Offer,2016-07-16 06:54:01.017000,complete,User_5
22,O_Created,2016-07-16 06:54:01.106000,complete,User_5
22,O_Sent (mail and online),2016-07-16 06:54:01.107000,complete,User_5
22,A_Complete,2016-07-16 06:54:02.653000,complete,User_5
70,O_Create Offer,2016-07-16 07:09:00.463000,complete,User_5
70,O_Created,2016-07-16 07:09:00.552000,complete,User_5
70,O_Sent (mail and online),2016-07-16 07:09:00.553000,complete,User_5
70,A_Complete,2016-07-16 07:09:02.099000,complete,User_5
21,O_Create Offer,2016-07-16 07:24:00.463000,complete,User_55
21,O_Created,2016-07-16 07:24:00.552000,complete,User_84
21,O_Cancelled,2016-07-16 07:24:00.553000,complete,User_55
21,O_Cancelled,2016-07-16 07:24:00.554000,complete,User_84
21,O_Create Offer,2016-07-16 07:24:01.017000,complete,User_5
21,O_Created,2016-07-16 07:24:01.106000,complete,User_55
21,O_Cancelled,2016-07-16 07:24:01.107000,complete,User_5
21,O_Create Offer,2016-07-16 07:24:01.570000,complete,User_84
21,O_Created,2016-07-16 07:24:01.659000,complete,User_5
21,O_Cancelled,2016-07-16 07:24:01.660000,complete,User_5
21,O_Cancelled,2016-07-16 07:24:01.661000,complete,User_55
21,O_Cancelled,2016-07-16 07:24:01.662000,complete,User_84
39,W_Call after offers,2016-07-16 07:39:02.120325,start,User_99
29,W_Call after offers,2016-07-16 08:32:00.125664,start,User_29
93,W_Call after offers,2016-07-16 08:32:00.184911,start,User_75
19,W_Call after offers,2016-07-21 03:05:18.119105,complete,User_83
63,W_Call after offers,2016-07-21 03:35:17.901699,complete,User_87
40,W_Call after offers,2016-07-21 03:40:20.887207,complete,User_90
26,W_Call after offers,2016-07-21 03:50:18.268587,complete,User_30
77,W_Call after offers,2016-07-21 03:50:18.366662,complete,User_95
65,W_Call after offers,2016-07-21 04:20:18.407373,complete,User_115
78,W_Call after offers,2016-07-21 04:35:17.675029,complete,User_109
18,W_Call after offers,2016-07-21 04:35:17.994729,complete,User_106
19,A_Cancelled,2016-07-21 04:49:00.016000,complete,User_1
19,O_Cancelled,2016-07-21 04:49:00.017000,complete,User_1
28,W_Call after offers,2016-07-21 04:50:17.710869,complete,User_100
74,W_Call after offers,2016-07-21 04:50:17.824521,complete,User_102
63,A_Cancelled,2016-07-21 05:04:00.016000,complete,User_1
63,O_Cancelled,2016-07-21 05:04:00.017000,complete,User_1
63,O_Cancelled,2016-07-21 05:04:00.018000,complete,User_1
83,W_Call after offers,2016-07-21 05:05:17.567774,complete,User_107
47,W_Call after offers,2016-07-21 05:05:17.659324,complete,User_93
26,O_Cancelled,2016-07-21 05:19:00.001000,complete,User_1
26,A_Cancelled,2016-07-21 05:19:00.017000,complete,User_1
37,W_Call after offers,2016-07-21 05:20:18.109891,complete,User_129
37,O_Cancelled,2016-07-21 05:20:18.110891,complete,User_1
37,A_Cancelled,2016-07-21 05:20:18.126891,complete,User_1
47,O_Create Offer,2016-07-21 10:04:00.463000,complete,User_12
47,O_Created,2016-07-21 10:04:00.552000,complete,User_12
47,O_Cancelled,2016-07-21 10:04:00.553000,complete,User_12
47,O_Cancelled,2016-07-21 10:04:00.554000,complete,User_1
47,O_Create Offer,2016-07-21 10:04:01.017000,complete,User_12
47,O_Created,2016-07-21 10:04:01.106000,complete,User_12
47,O_Sent (mail and online),2016-07-21 10:04:01.107000,complete,User_12
47,A_Complete,2016-07-21 10:04:02.653000,complete,User_12
77,O_Create Offer,2016-07-21 10:19:00.463000,complete,User_14
74,O_Create Offer,2016-07-21 10:19:00.463000,complete,User_38
78,O_Create Offer,2016-07-21 10:19:00.463000,complete,User_42
65,O_Create Offer,2016-07-21 10:19:00.463000,complete,User_10
19,O_Create Offer,2016-07-21 10:19:00.463000,complete,User_21
77,O_Created,2016-07-21 10:19:00.552000,complete,User_14
74,O_Created,2016-07-21 10:19:00.552000,complete,User_38
78,O_Created,2016-07-21 10:19:00.552000,complete,User_42
65,O_Created,2016-07-21 10:19:00.552000,complete,User_10
19,O_Created,2016-07-21 10:19:00.552000,complete,User_21
77,O_Sent (mail and online),2016-07-21 10:19:00.553000,complete,User_14
74,O_Sent (mail and online),2016-07-21 10:19:00.553000,complete,User_38
78,O_Sent (mail and online),2016-07-21 10:19:00.553000,complete,User_42
65,O_Sent (mail and online),2016-07-21 10:19:00.553000,complete,User_10
19,O_Sent (mail and online),2016-07-21 10:19:00.553000,complete,User_21
83,A_Validating,2016-07-21 10:19:01.154000,complete,User_44
40,A_Validating,2016-07-21 10:19:01.154000,complete,User_12
28,A_Validating,2016-07-21 10:19:01.154000,complete,User_85
77,A_Complete,2016-07-21 10:19:02.099000,complete,User_14
78,A_Complete,2016-07-21 10:19:02.099000,complete,User_42
65,A_Complete,2016-07-21 10:19:02.099000,complete,User_10
19,A_Complete,2016-07-21 10:19:02.099000,complete,User_21
74,A_Complete,2016-07-21 10:19:02.099000,complete,User_38
18,O_Create Offer,2016-07-21 10:34:00.463000,complete,User_28
18,O_Created,2016-07-21 10:34:00.552000,complete,User_33
18,O_Sent (mail and online),2016-07-21 10:34:00.553000,complete,User_38
18,A_Complete,2016-07-21 10:34:02.099000,complete,User_39
83,W_Validate application,2016-07-21 11:49:01.226059,start,User_126
83,W_Validate application,2016-07-21 13:06:43.229041,complete,User_126
83,O_Returned,2016-07-21 13:06:44.754041,complete,User_126
83,O_Accepted,2016-07-21 13:06:44.756041,complete,User_126
83,A_Pending,2016-07-21 13:06:44.757041,complete,User_126
83,O_Cancelled,2016-07-21 13:06:44.758041,complete,User_12
83,O_Create Offer,2016-07-21 13:06:45.221041,complete,User_28
83,O_Created,2016-07-21 13:06:45.310041,complete,User_33
83,O_Sent (mail and online),2016-07-21 13:06:45.311041,complete,User_35
83,A_Complete,2016-07-21 13:06:46.857041,complete,User_38
28,W_Validate application,2016-07-21 13:19:02.008910,start,User_126
28,W_Validate application,2016-07-21 14:36:44.011892,complete,User_126
5,W_Call after offers,2016-07-22 02:44:17.624327,complete,User_68
39,W_Call after offers,2016-07-22 04:21:19.603195,complete,User_99
29,W_Call after offers,2016-07-22 05:14:17.608534,complete,User_29
93,W_Call after offers,2016-07-22 05:14:17.667781,complete,User_75
83,W_Call after offers,2016-07-22 06:23:00.243439,start,User_83
17,W_Call after offers,2016-07-22 06:38:00.946739,start,User_68
93,A_Validating,2016-07-22 06:45:01.154000,complete,User_113
93,W_Validate application,2016-07-22 06:45:01.270295,start,User_113
18,W_Call after offers,2016-07-22 06:53:00.836732,start,User_87
28,O_Returned,2016-07-22 06:53:01.525000,complete,User_121
28,A_Incomplete,2016-07-22 06:53:02.951000,complete,User_121
5,O_Create Offer,2016-07-22 06:58:00.463000,complete,User_14
5,O_Created,2016-07-22 06:58:00.552000,complete,User_14
5,O_Sent (mail and online),2016-07-22 06:58:00.553000,complete,User_14
5,A_Complete,2016-07-22 06:58:02.099000,complete,User_14
5,W_Call after offers,2016-07-22 06:58:03.045186,start,User_90
40,W_Validate application,2016-07-22 07:08:00.066881,start,User_121
74,W_Call after offers,2016-07-22 07:08:00.199479,start,User_30
47,W_Call after offers,2016-07-22 07:08:00.427778,start,User_95
29,O_Create Offer,2016-07-22 07:13:00.463000,complete,User_91
29,O_Created,2016-07-22 07:13:00.552000,complete,User_91
29,O_Cancelled,2016-07-22 07:13:00.553000,complete,User_91
28,W_Call incomplete files,2016-07-22 07:13:00.876361,start,User_14
29,O_Create Offer,2016-07-22 07:13:01.016000,complete,User_91
29,O_Created,2016-07-22 07:13:01.105000,complete,User_91
29,O_Cancelled,2016-07-22 07:13:01.106000,complete,User_91
29,O_Cancelled,2016-07-22 07:13:01.107000,complete,User_1
29,O_Cancelled,2016-07-22 07:13:01.108000,complete,User_122
29,O_Cancelled,2016-07-22 07:13:01.109000,complete,User_127
29,O_Cancelled,2016-07-22 07:13:01.110000,complete,User_91
29,O_Create Offer,2016-07-22 07:13:01.573000,complete,User_91
29,O_Created,2016-07-22 07:13:01.662000,complete,User_91
29,O_Sent (mail and online),2016-07-22 07:13:01.663000,complete,User_91
29,A_Complete,2016-07-22 07:13:03.209000,complete,User_91
72,W_Call after offers,2016-07-22 07:23:00.770420,start,User_75
39,O_Create Offer,2016-07-22 07:28:00.463000,complete,User_28
39,O_Created,2016-07-22 07:28:00.552000,complete,User_32
39,O_Sent (mail and online),2016-07-22 07:28:00.553000,complete,User_59
39,A_Complete,2016-07-22 07:28:02.099000,complete,User_63
78,W_Call after offers,2016-07-22 07:38:00.431163,start,User_115
39,W_Call after offers,2016-07-22 07:43:02.630135,start,User_109
43,W_Call after offers,2016-07-22 07:53:00.006608,start,User_106
29,W_Call after offers,2016-07-22 07:58:03.657424,start,User_100
93,W_Validate application,2016-07-22 08:02:43.273277,complete,User_113
93,O_Returned,2016-07-22 08:02:44.798277,complete,User_113
93,A_Incomplete,2016-07-22 08:02:46.224277,complete,User_113
93,W_Call incomplete files,2016-07-22 08:02:47.175791,start,User_28
27,W_Call after offers,2016-07-22 08:08:00.849653,start,User_102
32,W_Call after offers,2016-07-22 08:23:00.103717,start,User_93
99,W_Call after offers,2016-07-22 08:23:00.210119,start,User_29
58,W_Call after offers,2016-07-22 08:23:00.233439,start,User_107
62,W_Call after offers,2016-07-22 08:23:00.789400,start,User_99
40,W_Validate application,2016-07-22 08:25:42.069863,complete,User_121
40,O_Returned,2016-07-22 08:25:43.594863,complete,User_112
40,O_Accepted,2016-07-22 08:25:43.596863,complete,User_113
40,A_Pending,2016-07-22 08:25:43.597863,complete,User_114
40,O_Cancelled,2016-07-22 08:25:43.598863,complete,User_112
40,O_Create Offer,2016-07-22 08:25:44.061863,complete,User_19
40,O_Created,2016-07-22 08:25:44.150863,complete,User_2
40,O_Sent (mail and online),2016-07-22 08:25:44.151863,complete,User_21
40,A_Complete,2016-07-22 08:25:45.697863,complete,User_25
96,W_Call after offers,2016-07-22 08:38:00.201124,start,User_129
28,W_Call incomplete files,2016-07-22 14:32:42.999552,complete,User_14
28,O_Cancelled,2016-07-22 14:32:43.000552,complete,User_11
28,A_Cancelled,2016-07-22 14:32:43.016552,complete,User_15
28,O_Cancelled,2016-07-22 14:32:43.017552,complete,User_116
28,O_Cancelled,2016-07-22 14:32:43.018552,complete,User_12
93,W_Call incomplete files,2016-07-22 15:22:29.298982,complete,User_28
93,O_Cancelled,2016-07-22 15:22:29.299982,complete,User_133
93,A_Cancelled,2016-07-22 15:22:29.315982,complete,User_39
93,O_Cancelled,2016-07-22 15:22:29.316982,complete,User_140
93,O_Create Offer,2016-07-22 15:22:29.779982,complete,User_44
93,O_Created,2016-07-22 15:22:29.868982,complete,User_45
93,O_Cancelled,2016-07-22 15:22:29.869982,complete,User_17
93,O_Create Offer,2016-07-22 15:22:30.332982,complete,User_48
93,O_Created,2016-07-22 15:22:30.421982,complete,User_5
93,O_Sent (mail and online),2016-07-22 15:22:30.422982,complete,User_52
93,A_Complete,2016-07-22 15:22:31.968982,complete,User_56
83,W_Call after offers,2016-07-28 03:05:17.726309,complete,User_83
17,W_Call after offers,2016-07-28 03:20:18.429609,complete,User_68
18,W_Call after offers,2016-07-28 03:35:18.319602,complete,User_87
5,W_Call after offers,2016-07-28 03:40:20.528056,complete,User_90
74,W_Call after offers,2016-07-28 03:50:17.682349,complete,User_30
47,W_Call after offers,2016-07-28 03:50:17.910648,complete,User_95
72,W_Call after offers,2016-07-28 04:05:18.253290,complete,User_75
78,W_Call after offers,2016-07-28 04:20:17.914033,complete,User_115
39,W_Call after offers,2016-07-28 04:25:20.113005,complete,User_109
43,W_Call after offers,2016-07-28 04:35:17.489478,complete,User_106
29,W_Call after offers,2016-07-28 04:40:21.140294,complete,User_100
83,O_Cancelled,2016-07-28 04:49:00.001000,complete,User_1
83,A_Cancelled,2016-07-28 04:49:00.017000,complete,User_1
27,W_Call after offers,2016-07-28 04:50:18.332523,complete,User_102
43,A_Cancelled,2016-07-28 05:04:00.016000,complete,User_1
43,O_Cancelled,2016-07-28 05:04:00.017000,complete,User_1
43,O_Cancelled,2016-07-28 05:04:00.018000,complete,User_1
43,O_Cancelled,2016-07-28 05:04:00.019000,complete,User_1
32,W_Call after offers,2016-07-28 05:05:17.586587,complete,User_93
99,W_Call after offers,2016-07-28 05:05:17.692989,complete,User_29
58,W_Call after offers,2016-07-28 05:05:17.716309,complete,User_107
62,W_Call after offers,2016-07-28 05:05:18.272270,complete,User_99
62,O_Cancelled,2016-07-28 05:05:18.273270,complete,User_1
62,A_Cancelled,2016-07-28 05:05:18.289270,complete,User_1
96,W_Call after offers,2016-07-28 05:20:17.683994,complete,User_129
40,W_Call after offers,2016-07-28 05:43:00.811353,start,User_68
25,W_Call after offers,2016-07-28 08:13:00.842634,start,User_99
17,O_Create Offer,2016-07-28 10:04:00.463000,complete,User_12
17,O_Created,2016-07-28 10:04:00.552000,complete,User_12
17,O_Sent (mail and online),2016-07-28 10:04:00.553000,complete,User_12
17,A_Complete,2016-07-28 10:04:02.099000,complete,User_12
72,O_Create Offer,2016-07-28 10:19:00.463000,complete,User_21
96,O_Create Offer,2016-07-28 10:19:00.463000,complete,User_38
39,O_Create Offer,2016-07-28 10:19:00.463000,complete,User_42
29,O_Create Offer,2016-07-28 10:19:00.463000,complete,User_14
62,O_Create Offer,2016-07-28 10:19:00.463000,complete,User_85
72,O_Created,2016-07-28 10:19:00.552000,complete,User_21
96,O_Created,2016-07-28 10:19:00.552000,complete,User_38
39,O_Created,2016-07-28 10:19:00.552000,complete,User_42
29,O_Created,2016-07-28 10:19:00.552000,complete,User_14
62,O_Created,2016-07-28 10:19:00.552000,complete,User_85
72,O_Cancelled,2016-07-28 10:19:00.553000,complete,User_1
96,O_Sent (mail and online),2016-07-28 10:19:00.553000,complete,User_21
39,O_Sent (mail and online),2016-07-28 10:19:00.553000,complete,User_38
29,O_Cancelled,2016-07-28 10:19:00.553000,complete,User_14
62,O_Sent (mail and online),2016-07-28 10:19:00.553000,complete,User_85
72,O_Cancelled,2016-07-28 10:19:00.554000,complete,User_1
29,O_Cancelled,2016-07-28 10:19:00.554000,complete,User_14
72,O_Cancelled,2016-07-28 10:19:00.555000,complete,User_1
29,O_Cancelled,2016-07-28 10:19:00.555000,complete,User_14
72,O_Create Offer,2016-07-28 10:19:01.018000,complete,User_42
29,O_Create Offer,2016-07-28 10:19:01.018000,complete,User_14
72,O_Created,2016-07-28 10:19:01.107000,complete,User_42
29,O_Created,2016-07-28 10:19:01.107000,complete,User_14
72,O_Cancelled,2016-07-28 10:19:01.108000,complete,User_42
29,O_Cancelled,2016-07-28 10:19:01.108000,complete,User_1
32,A_Validating,2016-07-28 10:19:01.154000,complete,User_10
58,A_Validating,2016-07-28 10:19:01.154000,complete,User_12
99,A_Validating,2016-07-28 10:19:01.154000,complete,User_44
72,O_Create Offer,2016-07-28 10:19:01.571000,complete,User_14
29,O_Create Offer,2016-07-28 10:19:01.571000,complete,User_42
72,O_Created,2016-07-28 10:19:01.660000,complete,User_44
29,O_Created,2016-07-28 10:19:01.660000,complete,User_10
72,O_Cancelled,2016-07-28 10:19:01.661000,complete,User_12
29,O_Cancelled,2016-07-28 10:19:01.661000,complete,User_14
62,A_Complete,2016-07-28 10:19:02.099000,complete,User_85
39,A_Complete,2016-07-28 10:19:02.099000,complete,User_38
96,A_Complete,2016-07-28 10:19:02.099000,complete,User_21
72,O_Create Offer,2016-07-28 10:19:02.124000,complete,User_44
29,O_Create Offer,2016-07-28 10:19:02.124000,complete,User_10
72,O_Created,2016-07-28 10:19:02.213000,complete,User_12
29,O_Created,2016-07-28 10:19:02.213000,complete,User_14
72,O_Cancelled,2016-07-28 10:19:02.214000,complete,User_12
29,O_Sent (mail and online),2016-07-28 10:19:02.214000,complete,User_38
72,O_Create Offer,2016-07-28 10:19:02.677000,complete,User_42
72,O_Created,2016-07-28 10:19:02.766000,complete,User_85
72,O_Cancelled,2016-07-28 10:19:02.767000,complete,User_85
72,O_Cancelled,2016-07-28 10:19:02.768000,complete,User_1
72,O_Create Offer,2016-07-28 10:19:03.231000,complete,User_12
72,O_Created,2016-07-28 10:19:03.320000,complete,User_14
72,O_Sent (mail and online),2016-07-28 10:19:03.321000,complete,User_21
29,A_Complete,2016-07-28 10:19:03.760000,complete,User_44
72,A_Complete,2016-07-28 10:19:04.867000,complete,User_38
83,O_Create Offer,2016-07-28 10:34:00.463000,complete,User_44
47,O_Create Offer,2016-07-28 10:34:00.463000,complete,User_49
27,O_Create Offer,2016-07-28 10:34:00.463000,complete,User_52
5,O_Create Offer,2016-07-28 10:34:00.463000,complete,User_85
74,O_Create Offer,2016-07-28 10:34:00.463000,complete,User_10
18,O_Create Offer,2016-07-28 10:34:00.463000,complete,User_12
83,O_Created,2016-07-28 10:34:00.552000,complete,User_14
47,O_Created,2016-07-28 10:34:00.552000,complete,User_28
27,O_Created,2016-07-28 10:34:00.552000,complete,User_33
5,O_Created,2016-07-28 10:34:00.552000,complete,User_38
74,O_Created,2016-07-28 10:34:00.552000,complete,User_39
18,O_Created,2016-07-28 10:34:00.552000,complete,User_42
83,O_Cancelled,2016-07-28 10:34:00.553000,complete,User_44
47,O_Cancelled,2016-07-28 10:34:00.553000,complete,User_49
27,O_Cancelled,2016-07-28 10:34:00.553000,complete,User_52
5,O_Cancelled,2016-07-28 10:34:00.553000,complete,User_85
74,O_Sent (mail and online),2016-07-28 10:34:00.553000,complete,User_28
18,O_Sent (mail and online),2016-07-28 10:34:00.553000,complete,User_33
83,O_Create Offer,2016-07-28 10:34:01.016000,complete,User_38
47,O_Create Offer,2016-07-28 10:34:01.016000,complete,User_39
27,O_Create Offer,2016-07-28 10:34:01.016000,complete,User_42
5,O_Create Offer,2016-07-28 10:34:01.016000,complete,User_44
83,O_Created,2016-07-28 10:34:01.105000,complete,User_85
47,O_Created,2016-07-28 10:34:01.105000,complete,User_10
27,O_Created,2016-07-28 10:34:01.105000,complete,User_12
5,O_Created,2016-07-28 10:34:01.105000,complete,User_14
83,O_Sent (mail and online),2016-07-28 10:34:01.106000,complete,User_28
47,O_Sent (mail and online),2016-07-28 10:34:01.106000,complete,User_33
27,O_Sent (mail and online),2016-07-28 10:34:01.106000,complete,User_38
5,O_Cancelled,2016-07-28 10:34:01.106000,complete,User_14
5,O_Cancelled,2016-07-28 10:34:01.107000,complete,User_12
5,O_Cancelled,2016-07-28 10:34:01.108000,complete,User_14
5,O_Cancelled,2016-07-28 10:34:01.109000,complete,User_28
5,O_Cancelled,2016-07-28 10:34:01.110000,complete,User_33
78,A_Validating,2016-07-28 10:34:01.154000,complete,User_21
5,O_Create Offer,2016-07-28 10:34:01.573000,complete,User_12
5,O_Created,2016-07-28 10:34:01.662000,complete,User_14
5,O_Cancelled,2016-07-28 10:34:01.663000,complete,User_12
74,A_Complete,2016-07-28 10:34:02.099000,complete,User_49
18,A_Complete,2016-07-28 10:34:02.099000,complete,User_52
5,O_Create Offer,2016-07-28 10:34:02.126000,complete,User_28
5,O_Created,2016-07-28 10:34:02.215000,complete,User_33
5,O_Cancelled,2016-07-28 10:34:02.216000,complete,User_14
5,O_Cancelled,2016-07-28 10:34:02.217000,complete,User_21
27,A_Complete,2016-07-28 10:34:02.652000,complete,User_10
47,A_Complete,2016-07-28 10:34:02.652000,complete,User_85
83,A_Complete,2016-07-28 10:34:02.652000,complete,User_44
5,O_Create Offer,2016-07-28 10:34:02.680000,complete,User_52
5,O_Created,2016-07-28 10:34:02.769000,complete,User_85
5,O_Cancelled,2016-07-28 10:34:02.770000,complete,User_52
5,O_Cancelled,2016-07-28 10:34:02.771000,complete,User_85
5,O_Create Offer,2016-07-28 10:34:03.234000,complete,User_28
5,O_Created,2016-07-28 10:34:03.323000,complete,User_33
5,O_Sent (mail and online),2016-07-28 10:34:03.324000,complete,User_38
5,A_Complete,2016-07-28 10:34:04.870000,complete,User_39
60,W_Call after offers,2016-07-28 11:43:00.670083,start,User_75
78,W_Validate application,2016-07-28 11:49:01.848787,start,User_126
31,W_Call after offers,2016-07-28 11:58:00.746542,start,User_29
78,W_Validate application,2016-07-28 13:06:43.851769,complete,User_126
78,O_Returned,2016-07-28 13:06:45.376769,complete,User_126
78,A_Incomplete,2016-07-28 13:06:46.802769,complete,User_126
78,W_Call incomplete files,2016-07-28 13:06:47.699971,start,User_28
32,W_Validate application,2016-07-28 13:19:01.623610,start,User_126
32,W_Validate application,2016-07-28 14:36:43.626592,complete,User_126
78,W_Call incomplete files,2016-07-28 20:26:29.823162,complete,User_28
96,W_Call after offers,2016-07-29 06:23:00.103734,start,User_83
83,W_Call after offers,2016-07-29 06:53:00.268316,start,User_87
58,W_Validate application,2016-07-29 06:53:00.450600,start,User_121
32,O_Returned,2016-07-29 06:53:01.525000,complete,User_113
32,O_Accepted,2016-07-29 06:53:01.527000,complete,User_113
32,A_Pending,2016-07-29 06:53:01.528000,complete,User_113
78,O_Create Offer,2016-07-29 06:58:00.463000,complete,User_14
78,O_Created,2016-07-29 06:58:00.552000,complete,User_14
78,O_Cancelled,2016-07-29 06:58:00.553000,complete,User_113
78,O_Create Offer,2016-07-29 06:58:01.016000,complete,User_14
78,O_Created,2016-07-29 06:58:01.105000,complete,User_14
78,O_Sent (mail and online),2016-07-29 06:58:01.106000,complete,User_14
78,A_Complete,2016-07-29 06:58:02.652000,complete,User_14
78,W_Call after offers,2016-07-29 06:58:03.128533,start,User_90
99,W_Validate application,2016-07-29 07:08:00.104113,start,User_122
93,W_Call after offers,2016-07-29 07:08:00.563850,start,User_30
19,W_Call after offers,2016-07-29 07:08:00.917351,start,User_95
67,W_Call after offers,2016-07-29 07:38:00.364936,start,User_115
76,W_Call after offers,2016-07-29 07:53:00.536240,start,User_106
59,W_Call after offers,2016-07-29 07:53:00.654046,start,User_109
77,W_Call after offers,2016-07-29 08:08:00.395096,start,User_102
23,W_Call after offers,2016-07-29 08:08:00.655743,start,User_100
58,W_Validate application,2016-07-29 08:10:42.453582,complete,User_121
58,O_Returned,2016-07-29 08:10:43.978582,complete,User_113
58,A_Incomplete,2016-07-29 08:10:45.404582,complete,User_113
58,W_Call incomplete files,2016-07-29 08:10:46.345921,start,User_13
17,W_Call after offers,2016-07-29 08:23:00.305635,start,User_107
65,W_Call after offers,2016-07-29 08:23:00.880147,start,User_93
99,W_Validate application,2016-07-29 08:25:42.107095,complete,User_122
99,O_Returned,2016-07-29 08:25:43.632095,complete,User_112
99,O_Accepted,2016-07-29 08:25:43.634095,complete,User_113
99,A_Pending,2016-07-29 08:25:43.635095,complete,User_114
5,W_Call after offers,2016-07-29 08:38:00.321902,start,User_129
58,W_Call incomplete files,2016-07-29 15:30:28.469112,complete,User_13
58,A_Validating,2016-07-29 15:30:29.623112,complete,User_12
58,W_Validate application,2016-07-29 15:30:30.247466,start,User_133
58,W_Validate application,2016-07-29 16:48:12.250448,complete,User_133
58,O_Returned,2016-07-29 16:48:13.775448,complete,User_133
58,A_Incomplete,2016-07-29 16:48:15.201448,complete,User_133
58,W_Call incomplete files,2016-07-29 16:48:15.412252,start,User_34
58,W_Call incomplete files,2016-07-30 00:07:57.535443,complete,User_34
58,A_Validating,2016-07-30 06:24:01.154000,complete,User_5
58,W_Validate application,2016-07-30 07:09:01.452663,start,User_125
58,W_Validate application,2016-07-30 08:26:43.455645,complete,User_125
58,O_Returned,2016-07-30 08:26:44.980645,complete,User_126
58,O_Accepted,2016-07-30 08:26:44.982645,complete,User_127
58,A_Pending,2016-07-30 08:26:44.983645,complete,User_130
40,W_Call after offers,2016-08-03 02:25:18.294223,complete,User_68
25,W_Call after offers,2016-08-03 04:55:18.325504,complete,User_99
40,A_Cancelled,2016-08-03 05:03:00.016000,complete,User_1
40,O_Cancelled,2016-08-03 05:03:00.017000,complete,User_1
25,O_Cancelled,2016-08-03 05:18:00.001000,complete,User_1
25,A_Cancelled,2016-08-03 05:18:00.017000,complete,User_1
25,O_Cancelled,2016-08-03 05:18:00.018000,complete,User_1
25,O_Cancelled,2016-08-03 05:18:00.019000,complete,User_1
25,O_Cancelled,2016-08-03 05:18:00.020000,complete,User_1
25,O_Cancelled,2016-08-03 05:18:00.021000,complete,User_1
74,W_Call after offers,2016-08-03 06:33:00.669175,start,User_68
25,O_Create Offer,2016-08-03 08:06:00.463000,complete,User_23
25,O_Created,2016-08-03 08:06:00.552000,complete,User_23
25,O_Sent (mail and online),2016-08-03 08:06:00.553000,complete,User_23
25,A_Complete,2016-08-03 08:06:02.099000,complete,User_23
60,W_Call after offers,2016-08-03 08:25:18.152953,complete,User_75
60,A_Validating,2016-08-03 08:25:19.306953,complete,User_23
60,W_Validate application,2016-08-03 08:25:19.962737,start,User_121
31,W_Call after offers,2016-08-03 08:40:18.229412,complete,User_29
31,A_Cancelled,2016-08-03 08:40:18.245412,complete,User_23
31,O_Cancelled,2016-08-03 08:40:18.246412,complete,User_123
31,O_Cancelled,2016-08-03 08:40:18.247412,complete,User_23
60,W_Validate application,2016-08-03 09:43:01.965719,complete,User_121
60,O_Returned,2016-08-03 09:43:03.490719,complete,User_120
60,A_Incomplete,2016-08-03 09:43:04.916719,complete,User_120
60,W_Call incomplete files,2016-08-03 09:43:05.648499,start,User_18
25,W_Call after offers,2016-08-03 11:21:02.987349,start,User_99
18,W_Call after offers,2016-08-03 12:48:00.129138,start,User_75
22,W_Call after offers,2016-08-03 14:33:00.401972,start,User_29
60,W_Call incomplete files,2016-08-03 17:02:47.771690,complete,User_18
96,W_Call after offers,2016-08-04 03:05:17.586604,complete,User_83
83,W_Call after offers,2016-08-04 03:35:17.751186,complete,User_87
78,W_Call after offers,2016-08-04 03:40:20.611403,complete,User_90
93,W_Call after offers,2016-08-04 03:50:18.046720,complete,User_30
19,W_Call after offers,2016-08-04 03:50:18.400221,complete,User_95
67,W_Call after offers,2016-08-04 04:20:17.847806,complete,User_115
76,W_Call after offers,2016-08-04 04:35:18.019110,complete,User_106
59,W_Call after offers,2016-08-04 04:35:18.136916,complete,User_109
67,A_Cancelled,2016-08-04 04:49:00.016000,complete,User_1
67,O_Cancelled,2016-08-04 04:49:00.017000,complete,User_1
67,O_Cancelled,2016-08-04 04:49:00.018000,complete,User_1
77,W_Call after offers,2016-08-04 04:50:17.877966,complete,User_102
23,W_Call after offers,2016-08-04 04:50:18.138613,complete,User_100
17,W_Call after offers,2016-08-04 05:05:17.788505,complete,User_107
65,W_Call after offers,2016-08-04 05:05:18.363017,complete,User_93
65,A_Cancelled,2016-08-04 05:05:18.379017,complete,User_1
65,O_Cancelled,2016-08-04 05:05:18.380017,complete,User_1
5,W_Call after offers,2016-08-04 05:20:17.804772,complete,User_129
23,O_Create Offer,2016-08-04 10:04:00.463000,complete,User_12
23,O_Created,2016-08-04 10:04:00.552000,complete,User_12
23,O_Cancelled,2016-08-04 10:04:00.553000,complete,User_12
23,O_Cancelled,2016-08-04 10:04:00.554000,complete,User_1
23,O_Cancelled,2016-08-04 10:04:00.555000,complete,User_12
23,O_Create Offer,2016-08-04 10:04:01.018000,complete,User_12
23,O_Created,2016-08-04 10:04:01.107000,complete,User_12
23,O_Sent (mail and online),2016-08-04 10:04:01.108000,complete,User_12
23,A_Complete,2016-08-04 10:04:02.654000,complete,User_12
77,O_Create Offer,2016-08-04 10:19:00.463000,complete,User_85
17,O_Create Offer,2016-08-04 10:19:00.463000,complete,User_10
65,O_Create Offer,2016-08-04 10:19:00.463000,complete,User_44
78,O_Create Offer,2016-08-04 10:19:00.463000,complete,User_21
93,O_Create Offer,2016-08-04 10:19:00.463000,complete,User_38
77,O_Created,2016-08-04 10:19:00.552000,complete,User_85
17,O_Created,2016-08-04 10:19:00.552000,complete,User_10
65,O_Created,2016-08-04 10:19:00.552000,complete,User_44
78,O_Created,2016-08-04 10:19:00.552000,complete,User_21
93,O_Created,2016-08-04 10:19:00.552000,complete,User_38
77,O_Cancelled,2016-08-04 10:19:00.553000,complete,User_85
17,O_Sent (mail and online),2016-08-04 10:19:00.553000,complete,User_10
65,O_Cancelled,2016-08-04 10:19:00.553000,complete,User_44
78,O_Cancelled,2016-08-04 10:19:00.553000,complete,User_1
93,O_Sent (mail and online),2016-08-04 10:19:00.553000,complete,User_21
65,O_Cancelled,2016-08-04 10:19:00.554000,complete,User_10
78,O_Cancelled,2016-08-04 10:19:00.554000,complete,User_44
78,O_Cancelled,2016-08-04 10:19:00.555000,complete,User_44
78,O_Cancelled,2016-08-04 10:19:00.556000,complete,User_1
78,O_Cancelled,2016-08-04 10:19:00.557000,complete,User_44
77,O_Create Offer,2016-08-04 10:19:01.016000,complete,User_38
65,O_Create Offer,2016-08-04 10:19:01.017000,complete,User_10
78,O_Create Offer,2016-08-04 10:19:01.020000,complete,User_44
77,O_Created,2016-08-04 10:19:01.105000,complete,User_38
65,O_Created,2016-08-04 10:19:01.106000,complete,User_10
77,O_Cancelled,2016-08-04 10:19:01.106000,complete,User_38
65,O_Sent (mail and online),2016-08-04 10:19:01.107000,complete,User_10
77,O_Cancelled,2016-08-04 10:19:01.107000,complete,User_38
78,O_Created,2016-08-04 10:19:01.109000,complete,User_44
78,O_Sent (mail and online),2016-08-04 10:19:01.110000,complete,User_44
76,A_Validating,2016-08-04 10:19:01.154000,complete,User_42
96,A_Validating,2016-08-04 10:19:01.154000,complete,User_14
5,A_Validating,2016-08-04 10:19:01.154000,complete,User_12
77,O_Create Offer,2016-08-04 10:19:01.570000,complete,User_38
77,O_Created,2016-08-04 10:19:01.659000,complete,User_12
77,O_Sent (mail and online),2016-08-04 10:19:01.660000,complete,User_14
17,A_Complete,2016-08-04 10:19:02.099000,complete,User_85
93,A_Complete,2016-08-04 10:19:02.099000,complete,User_21
65,A_Complete,2016-08-04 10:19:02.653000,complete,User_10
78,A_Complete,2016-08-04 10:19:02.656000,complete,User_44
77,A_Complete,2016-08-04 10:19:03.206000,complete,User_38
67,O_Create Offer,2016-08-04 10:34:00.463000,complete,User_39
19,O_Create Offer,2016-08-04 10:34:00.463000,complete,User_52
59,O_Create Offer,2016-08-04 10:34:00.463000,complete,User_85
67,O_Created,2016-08-04 10:34:00.552000,complete,User_10
19,O_Created,2016-08-04 10:34:00.552000,complete,User_12
59,O_Created,2016-08-04 10:34:00.552000,complete,User_14
67,O_Sent (mail and online),2016-08-04 10:34:00.553000,complete,User_33
19,O_Cancelled,2016-08-04 10:34:00.553000,complete,User_38
59,O_Sent (mail and online),2016-08-04 10:34:00.553000,complete,User_85
19,O_Create Offer,2016-08-04 10:34:01.016000,complete,User_12
19,O_Created,2016-08-04 10:34:01.105000,complete,User_33
19,O_Cancelled,2016-08-04 10:34:01.106000,complete,User_33
60,A_Validating,2016-08-04 10:34:01.154000,complete,User_21
83,A_Validating,2016-08-04 10:34:01.154000,complete,User_28
19,O_Create Offer,2016-08-04 10:34:01.569000,complete,User_85
19,O_Created,2016-08-04 10:34:01.658000,complete,User_12
19,O_Sent (mail and online),2016-08-04 10:34:01.659000,complete,User_21
59,A_Complete,2016-08-04 10:34:02.099000,complete,User_14
67,A_Complete,2016-08-04 10:34:02.099000,complete,User_10
19,A_Complete,2016-08-04 10:34:03.205000,complete,User_28
5,W_Validate application,2016-08-04 11:49:01.225402,start,User_126
5,W_Validate application,2016-08-04 13:06:43.228384,complete,User_126
5,O_Returned,2016-08-04 13:06:44.753384,complete,User_126
5,A_Incomplete,2016-08-04 13:06:46.179384,complete,User_126
5,W_Call incomplete files,2016-08-04 13:06:46.796704,start,User_28
83,W_Validate application,2016-08-04 13:19:01.665016,start,User_126
83,W_Validate application,2016-08-04 14:36:43.667998,complete,User_126
5,W_Call incomplete files,2016-08-04 20:26:28.919895,complete,User_28
5,O_Cancelled,2016-08-04 20:26:28.920895,complete,User_1
5,A_Cancelled,2016-08-04 20:26:28.936895,complete,User_1
5,O_Cancelled,2016-08-04 20:26:28.937895,complete,User_1
52,W_Call after offers,2016-08-05 06:23:00.134389,start,User_83
96,W_Validate application,2016-08-05 06:53:00.146660,start,User_113
76,W_Validate application,2016-08-05 06:53:00.292926,start,User_121
89,W_Call after offers,2016-08-05 06:53:00.801507,start,User_87
5,O_Create Offer,2016-08-05 06:58:00.463000,complete,User_14
5,O_Created,2016-08-05 06:58:00.552000,complete,User_14
5,O_Cancelled,2016-08-05 06:58:00.553000,complete,User_14
33,W_Call after offers,2016-08-05 07:08:00.184216,start,User_30
71,W_Call after offers,2016-08-05 07:08:00.208399,start,User_95
60,W_Validate application,2016-08-05 07:08:00.728730,start,User_122
65,W_Call after offers,2016-08-05 07:08:00.921004,start,User_90
83,O_Returned,2016-08-05 07:23:01.525000,complete,User_126
83,A_Denied,2016-08-05 07:23:01.541000,complete,User_144
83,O_Refused,2016-08-05 07:23:01.546000,complete,User_144
62,W_Call after offers,2016-08-05 07:38:00.194321,start,User_115
24,W_Call after offers,2016-08-05 07:53:00.066546,start,User_109
17,W_Call after offers,2016-08-05 07:53:00.691156,start,User_106
36,W_Call after offers,2016-08-05 08:08:00.197762,start,User_100
15,W_Call after offers,2016-08-05 08:08:00.761737,start,User_102
96,W_Validate application,2016-08-05 08:10:42.149642,complete,User_113
76,W_Validate application,2016-08-05 08:10:42.295908,complete,User_121
96,O_Returned,2016-08-05 08:10:43.674642,complete,User_113
96,O_Accepted,2016-08-05 08:10:43.676642,complete,User_117
96,A_Pending,2016-08-05 08:10:43.677642,complete,User_118
76,O_Returned,2016-08-05 08:10:43.820908,complete,User_114
76,A_Incomplete,2016-08-05 08:10:45.246908,complete,User_118
76,W_Call incomplete files,2016-08-05 08:10:45.507218,start,User_28
23,W_Call after offers,2016-08-05 08:23:00.134893,start,User_107
29,W_Call after offers,2016-08-05 08:23:00.627718,start,User_93
60,W_Validate application,2016-08-05 08:25:42.731712,complete,User_122
60,O_Returned,2016-08-05 08:25:44.256712,complete,User_112
60,A_Denied,2016-08-05 08:25:44.272712,complete,User_144
60,O_Refused,2016-08-05 08:25:44.277712,complete,User_144
19,W_Call after offers,2016-08-05 08:38:00.342893,start,User_129
76,W_Call incomplete files,2016-08-05 15:30:27.630409,complete,User_28
76,O_Create Offer,2016-08-05 15:30:28.093409,complete,User_12
76,O_Created,2016-08-05 15:30:28.182409,complete,User_15
76,O_Sent (mail and online),2016-08-05 15:30:28.183409,complete,User_17
76,A_Complete,2016-08-05 15:30:29.729409,complete,User_18
74,W_Call after offers,2016-08-09 03:15:18.152045,complete,User_68
76,W_Call after offers,2016-08-09 06:52:00.403583,start,User_68
74,O_Create Offer,2016-08-09 07:08:00.463000,complete,User_104
74,O_Created,2016-08-09 07:08:00.552000,complete,User_104
74,O_Sent (mail and online),2016-08-09 07:08:00.553000,complete,User_104
74,A_Complete,2016-08-09 07:08:02.099000,complete,User_104
25,W_Call after offers,2016-08-09 08:03:20.470219,complete,User_99
25,A_Validating,2016-08-09 08:03:21.624219,complete,User_11
25,W_Validate application,2016-08-09 08:03:22.129694,start,User_113
34,W_Call after offers,2016-08-09 08:07:00.159029,start,User_99
25,W_Validate application,2016-08-09 09:21:04.132676,complete,User_113
25,O_Returned,2016-08-09 09:21:05.657676,complete,User_112
25,O_Accepted,2016-08-09 09:21:05.659676,complete,User_113
25,A_Pending,2016-08-09 09:21:05.660676,complete,User_116
25,O_Cancelled,2016-08-09 09:21:05.661676,complete,User_11
18,W_Call after offers,2016-08-09 09:30:17.612008,complete,User_75
18,O_Cancelled,2016-08-09 09:30:17.613008,complete,User_112
18,A_Cancelled,2016-08-09 09:30:17.629008,complete,User_16
98,W_Call after offers,2016-08-09 09:37:00.389896,start,User_75
22,W_Call after offers,2016-08-09 11:15:17.884842,complete,User_29
22,O_Cancelled,2016-08-09 11:15:17.885842,complete,User_11
22,A_Cancelled,2016-08-09 11:15:17.901842,complete,User_14
22,O_Cancelled,2016-08-09 11:15:17.902842,complete,User_113
22,O_Cancelled,2016-08-09 11:15:17.903842,complete,User_114
22,O_Cancelled,2016-08-09 11:15:17.904842,complete,User_116
54,W_Call after offers,2016-08-09 11:22:00.828960,start,User_29
52,W_Call after offers,2016-08-11 03:05:17.617259,complete,User_83
89,W_Call after offers,2016-08-11 03:35:18.284377,complete,User_87
33,W_Call after offers,2016-08-11 03:50:17.667086,complete,User_30
71,W_Call after offers,2016-08-11 03:50:17.691269,complete,User_95
65,W_Call after offers,2016-08-11 03:50:18.403874,complete,User_90
62,W_Call after offers,2016-08-11 04:20:17.677191,complete,User_115
24,W_Call after offers,2016-08-11 04:35:17.549416,complete,User_109
17,W_Call after offers,2016-08-11 04:35:18.174026,complete,User_106
52,A_Cancelled,2016-08-11 04:49:00.016000,complete,User_1
52,O_Cancelled,2016-08-11 04:49:00.017000,complete,User_1
36,W_Call after offers,2016-08-11 04:50:17.680632,complete,User_100
15,W_Call after offers,2016-08-11 04:50:18.244607,complete,User_102
65,A_Cancelled,2016-08-11 05:04:00.016000,complete,User_1
65,O_Cancelled,2016-08-11 05:04:00.017000,complete,User_1
23,W_Call after offers,2016-08-11 05:05:17.617763,complete,User_107
29,W_Call after offers,2016-08-11 05:05:18.110588,complete,User_93
17,O_Cancelled,2016-08-11 05:19:00.001000,complete,User_1
17,A_Cancelled,2016-08-11 05:19:00.017000,complete,User_1
19,W_Call after offers,2016-08-11 05:20:17.825763,complete,User_129
62,A_Validating,2016-08-11 10:04:01.154000,complete,User_12
23,O_Create Offer,2016-08-11 10:19:00.463000,complete,User_38
17,O_Create Offer,2016-08-11 10:19:00.463000,complete,User_42
19,O_Create Offer,2016-08-11 10:19:00.463000,complete,User_44
65,O_Create Offer,2016-08-11 10:19:00.463000,complete,User_85
36,O_Create Offer,2016-08-11 10:19:00.463000,complete,User_10
15,O_Create Offer,2016-08-11 10:19:00.463000,complete,User_21
23,O_Created,2016-08-11 10:19:00.552000,complete,User_38
17,O_Created,2016-08-11 10:19:00.552000,complete,User_42
19,O_Created,2016-08-11 10:19:00.552000,complete,User_44
65,O_Created,2016-08-11 10:19:00.552000,complete,User_85
36,O_Created,2016-08-11 10:19:00.552000,complete,User_10
15,O_Created,2016-08-11 10:19:00.552000,complete,User_21
23,O_Cancelled,2016-08-11 10:19:00.553000,complete,User_38
17,O_Sent (mail and online),2016-08-11 10:19:00.553000,complete,User_42
19,O_Sent (mail and online),2016-08-11 10:19:00.553000,complete,User_44
65,O_Cancelled,2016-08-11 10:19:00.553000,complete,User_85
36,O_Cancelled,2016-08-11 10:19:00.553000,complete,User_1
15,O_Sent (mail and online),2016-08-11 10:19:00.553000,complete,User_21
23,O_Create Offer,2016-08-11 10:19:01.016000,complete,User_38
36,O_Create Offer,2016-08-11 10:19:01.016000,complete,User_85
23,O_Created,2016-08-11 10:19:01.105000,complete,User_21
36,O_Created,2016-08-11 10:19:01.105000,complete,User_38
23,O_Sent (mail and online),2016-08-11 10:19:01.106000,complete,User_85
36,O_Sent (mail and online),2016-08-11 10:19:01.106000,complete,User_21
33,A_Validating,2016-08-11 10:19:01.154000,complete,User_14
89,A_Validating,2016-08-11 10:19:01.154000,complete,User_12
17,A_Complete,2016-08-11 10:19:02.099000,complete,User_42
19,A_Complete,2016-08-11 10:19:02.099000,complete,User_44
15,A_Complete,2016-08-11 10:19:02.099000,complete,User_10
23,A_Complete,2016-08-11 10:19:02.652000,complete,User_38
36,A_Complete,2016-08-11 10:19:02.652000,complete,User_85
24,O_Create Offer,2016-08-11 10:34:00.463000,complete,User_10
24,O_Created,2016-08-11 10:34:00.552000,complete,User_38
24,O_Sent (mail and online),2016-08-11 10:34:00.553000,complete,User_39
29,A_Validating,2016-08-11 10:34:01.154000,complete,User_12
71,A_Validating,2016-08-11 10:34:01.154000,complete,User_14
24,A_Complete,2016-08-11 10:34:02.099000,complete,User_42
33,W_Validate application,2016-08-11 11:49:01.656980,start,User_126
33,W_Validate application,2016-08-11 13:06:43.659962,complete,User_126
33,O_Returned,2016-08-11 13:06:45.184962,complete,User_126
33,O_Accepted,2016-08-11 13:06:45.186962,complete,User_126
33,A_Pending,2016-08-11 13:06:45.187962,complete,User_126
71,W_Validate application,2016-08-11 13:19:01.435979,start,User_126
71,W_Validate application,2016-08-11 14:36:43.438961,complete,User_126
24,W_Call after offers,2016-08-12 06:23:00.934884,start,User_83
89,W_Validate application,2016-08-12 06:53:00.488147,start,User_121
36,W_Call after offers,2016-08-12 06:53:00.708586,start,User_87
62,W_Validate application,2016-08-12 06:53:00.831589,start,User_113
82,W_Call after offers,2016-08-12 07:08:00.314320,start,User_90
93,W_Call after offers,2016-08-12 07:08:00.332303,start,User_95
7,W_Call after offers,2016-08-12 07:08:00.375490,start,User_30
71,O_Returned,2016-08-12 07:08:01.525000,complete,User_122
71,A_Denied,2016-08-12 07:08:01.541000,complete,User_144
71,O_Refused,2016-08-12 07:08:01.546000,complete,User_144
29,W_Validate application,2016-08-12 07:23:00.954488,start,User_122
74,W_Call after offers,2016-08-12 07:38:00.468582,start,User_115
72,W_Call after offers,2016-08-12 07:53:00.157563,start,User_106
68,W_Call after offers,2016-08-12 07:53:00.936607,start,User_109
66,W_Call after offers,2016-08-12 08:08:00.063650,start,User_100
15,W_Call after offers,2016-08-12 08:08:00.446552,start,User_102
89,W_Validate application,2016-08-12 08:10:42.491129,complete,User_121
62,W_Validate application,2016-08-12 08:10:42.834571,complete,User_113
89,O_Returned,2016-08-12 08:10:44.016129,complete,User_114
89,O_Accepted,2016-08-12 08:10:44.018129,complete,User_118
89,A_Pending,2016-08-12 08:10:44.019129,complete,User_119
89,O_Cancelled,2016-08-12 08:10:44.020129,complete,User_113
62,O_Returned,2016-08-12 08:10:44.359571,complete,User_117
62,A_Denied,2016-08-12 08:10:44.375571,complete,User_144
62,O_Refused,2016-08-12 08:10:44.380571,complete,User_144
89,O_Create Offer,2016-08-12 08:10:44.483129,complete,User_28
89,O_Created,2016-08-12 08:10:44.572129,complete,User_28
89,O_Cancelled,2016-08-12 08:10:44.573129,complete,User_125
89,O_Create Offer,2016-08-12 08:10:45.036129,complete,User_32
89,O_Created,2016-08-12 08:10:45.125129,complete,User_40
89,O_Cancelled,2016-08-12 08:10:45.126129,complete,User_14
89,O_Cancelled,2016-08-12 08:10:45.127129,complete,User_15
89,O_Cancelled,2016-08-12 08:10:45.128129,complete,User_27
89,O_Cancelled,2016-08-12 08:10:45.129129,complete,User_28
89,O_Create Offer,2016-08-12 08:10:45.592129,complete,User_58
89,O_Created,2016-08-12 08:10:45.681129,complete,User_59
89,O_Cancelled,2016-08-12 08:10:45.682129,complete,User_32
89,O_Create Offer,2016-08-12 08:10:46.145129,complete,User_63
89,O_Created,2016-08-12 08:10:46.234129,complete,User_69
89,O_Sent (mail and online),2016-08-12 08:10:46.235129,complete,User_79
89,A_Complete,2016-08-12 08:10:47.781129,complete,User_88
81,W_Call after offers,2016-08-12 08:23:00.050004,start,User_93
3,W_Call after offers,2016-08-12 08:23:00.868404,start,User_107
87,W_Call after offers,2016-08-12 08:38:00.346049,start,User_129
29,W_Validate application,2016-08-12 08:40:42.957470,complete,User_122
29,O_Returned,2016-08-12 08:40:44.482470,complete,User_114
29,A_Incomplete,2016-08-12 08:40:45.908470,complete,User_114
29,W_Call incomplete files,2016-08-12 08:40:46.891318,start,User_14
29,W_Call incomplete files,2016-08-12 16:00:29.014509,complete,User_14
29,A_Validating,2016-08-12 16:00:30.168509,complete,User_12
29,W_Validate application,2016-08-12 16:00:31.127699,start,User_133
29,W_Validate application,2016-08-12 17:18:13.130681,complete,User_133
29,O_Returned,2016-08-12 17:18:14.655681,complete,User_133
29,O_Accepted,2016-08-12 17:18:14.657681,complete,User_133
29,A_Pending,2016-08-12 17:18:14.658681,complete,User_133
29,O_Cancelled,2016-08-12 17:18:14.659681,complete,User_133
29,O_Cancelled,2016-08-12 17:18:14.660681,complete,User_17
29,O_Cancelled,2016-08-12 17:18:14.661681,complete,User_18
29,O_Cancelled,2016-08-12 17:18:14.662681,complete,User_19
29,O_Cancelled,2016-08-12 17:18:14.663681,complete,User_20
29,O_Cancelled,2016-08-12 17:18:14.664681,complete,User_23
29,O_Create Offer,2016-08-12 17:18:15.127681,complete,User_56
29,O_Created,2016-08-12 17:18:15.216681,complete,User_65
29,O_Cancelled,2016-08-12 17:18:15.217681,complete,User_36
29,O_Cancelled,2016-08-12 17:18:15.218681,complete,User_37
29,O_Cancelled,2016-08-12 17:18:15.219681,complete,User_39
29,O_Cancelled,2016-08-12 17:18:15.220681,complete,User_4
29,O_Cancelled,2016-08-12 17:18:15.221681,complete,User_41
29,O_Create Offer,2016-08-12 17:18:15.684681,complete,User_74
29,O_Created,2016-08-12 17:18:15.773681,complete,User_76
29,O_Cancelled,2016-08-12 17:18:15.774681,complete,User_46
29,O_Cancelled,2016-08-12 17:18:15.775681,complete,User_48
29,O_Cancelled,2016-08-12 17:18:15.776681,complete,User_5
29,O_Create Offer,2016-08-12 17:18:16.239681,complete,User_84
29,O_Created,2016-08-12 17:18:16.328681,complete,User_96
29,O_Sent (mail and online),2016-08-12 17:18:16.329681,complete,User_97
29,A_Complete,2016-08-12 17:18:17.875681,complete,User_98
76,W_Call after offers,2016-08-15 03:34:17.886453,complete,User_68
76,O_Create Offer,2016-08-15 04:38:00.463000,complete,User_103
76,O_Created,2016-08-15 04:38:00.552000,complete,User_103
76,O_Sent (mail and online),2016-08-15 04:38:00.553000,complete,User_103
76,A_Complete,2016-08-15 04:38:02.099000,complete,User_103
34,W_Call after offers,2016-08-15 04:49:17.641899,complete,User_99
34,O_Create Offer,2016-08-15 04:49:18.104899,complete,User_103
34,O_Created,2016-08-15 04:49:18.193899,complete,User_103
34,O_Sent (mail and online),2016-08-15 04:49:18.194899,complete,User_103
34,A_Complete,2016-08-15 04:49:19.740899,complete,User_103
89,W_Call after offers,2016-08-15 05:43:00.460243,start,User_68
98,W_Call after offers,2016-08-15 06:19:17.872766,complete,User_75
98,O_Create Offer,2016-08-15 06:19:18.335766,complete,User_103
98,O_Created,2016-08-15 06:19:18.424766,complete,User_103
98,O_Cancelled,2016-08-15 06:19:18.425766,complete,User_103
98,O_Create Offer,2016-08-15 06:19:18.888766,complete,User_103
98,O_Created,2016-08-15 06:19:18.977766,complete,User_103
98,O_Sent (mail and online),2016-08-15 06:19:18.978766,complete,User_103
98,A_Complete,2016-08-15 06:19:20.524766,complete,User_103
59,W_Call after offers,2016-08-15 06:58:00.276444,start,User_99
70,W_Call after offers,2016-08-15 07:43:00.131782,start,User_75
54,W_Call after offers,2016-08-15 08:04:18.311830,complete,User_29
54,O_Cancelled,2016-08-15 08:04:18.312830,complete,User_112
54,A_Cancelled,2016-08-15 08:04:18.328830,complete,User_16
54,O_Create Offer,2016-08-15 08:04:18.791830,complete,User_19
54,O_Created,2016-08-15 08:04:18.880830,complete,User_21
54,O_Cancelled,2016-08-15 08:04:18.881830,complete,User_120
76,W_Call after offers,2016-08-15 08:28:00.876480,start,User_29
24,W_Call after offers,2016-08-18 03:05:18.417754,complete,User_83
36,W_Call after offers,2016-08-18 03:35:18.191456,complete,User_87
82,W_Call after offers,2016-08-18 03:50:17.797190,complete,User_90
93,W_Call after offers,2016-08-18 03:50:17.815173,complete,User_95
7,W_Call after offers,2016-08-18 03:50:17.858360,complete,User_30
74,W_Call after offers,2016-08-18 04:20:17.951452,complete,User_115
72,W_Call after offers,2016-08-18 04:35:17.640433,complete,User_106
68,W_Call after offers,2016-08-18 04:35:18.419477,complete,User_109
24,O_Cancelled,2016-08-18 04:49:00.001000,complete,User_1
24,A_Cancelled,2016-08-18 04:49:00.017000,complete,User_1
66,W_Call after offers,2016-08-18 04:50:17.546520,complete,User_100
15,W_Call after offers,2016-08-18 04:50:17.929422,complete,User_102
81,W_Call after offers,2016-08-18 05:05:17.532874,complete,User_93
3,W_Call after offers,2016-08-18 05:05:18.351274,complete,User_107
87,W_Call after offers,2016-08-18 05:20:17.828919,complete,User_129
24,O_Create Offer,2016-08-18 10:04:00.463000,complete,User_12
24,O_Created,2016-08-18 10:04:00.552000,complete,User_12
24,O_Sent (mail and online),2016-08-18 10:04:00.553000,complete,User_12
24,A_Complete,2016-08-18 10:04:02.099000,complete,User_12
93,O_Create Offer,2016-08-18 10:19:00.463000,complete,User_14
36,O_Create Offer,2016-08-18 10:19:00.463000,complete,User_21
7,O_Create Offer,2016-08-18 10:19:00.463000,complete,User_10
72,O_Create Offer,2016-08-18 10:19:00.463000,complete,User_85
74,O_Create Offer,2016-08-18 10:19:00.463000,complete,User_12
87,O_Create Offer,2016-08-18 10:19:00.463000,complete,User_44
93,O_Created,2016-08-18 10:19:00.552000,complete,User_14
36,O_Created,2016-08-18 10:19:00.552000,complete,User_21
7,O_Created,2016-08-18 10:19:00.552000,complete,User_10
74,O_Created,2016-08-18 10:19:00.552000,complete,User_12
87,O_Created,2016-08-18 10:19:00.552000,complete,User_44
72,O_Created,2016-08-18 10:19:00.552000,complete,User_85
93,O_Cancelled,2016-08-18 10:19:00.553000,complete,User_1
36,O_Sent (mail and online),2016-08-18 10:19:00.553000,complete,User_14
7,O_Sent (mail and online),2016-08-18 10:19:00.553000,complete,User_21
87,O_Sent (mail and online),2016-08-18 10:19:00.553000,complete,User_44
72,O_Sent (mail and online),2016-08-18 10:19:00.553000,complete,User_85
74,O_Cancelled,2016-08-18 10:19:00.553000,complete,User_12
93,O_Create Offer,2016-08-18 10:19:01.016000,complete,User_10
74,O_Create Offer,2016-08-18 10:19:01.016000,complete,User_12
93,O_Created,2016-08-18 10:19:01.105000,complete,User_10
74,O_Created,2016-08-18 10:19:01.105000,complete,User_12
93,O_Cancelled,2016-08-18 10:19:01.106000,complete,User_1
74,O_Sent (mail and online),2016-08-18 10:19:01.106000,complete,User_12
68,A_Validating,2016-08-18 10:19:01.154000,complete,User_38
15,A_Validating,2016-08-18 10:19:01.154000,complete,User_42
36,A_Complete,2016-08-18 10:19:02.099000,complete,User_14
7,A_Complete,2016-08-18 10:19:02.099000,complete,User_21
72,A_Complete,2016-08-18 10:19:02.099000,complete,User_85
87,A_Complete,2016-08-18 10:19:02.099000,complete,User_44
74,A_Complete,2016-08-18 10:19:02.652000,complete,User_10
66,O_Create Offer,2016-08-18 10:34:00.463000,complete,User_38
81,O_Create Offer,2016-08-18 10:34:00.463000,complete,User_39
66,O_Created,2016-08-18 10:34:00.552000,complete,User_42
81,O_Created,2016-08-18 10:34:00.552000,complete,User_44
66,O_Sent (mail and online),2016-08-18 10:34:00.553000,complete,User_49
81,O_Cancelled,2016-08-18 10:34:00.553000,complete,User_21
81,O_Create Offer,2016-08-18 10:34:01.016000,complete,User_85
81,O_Created,2016-08-18 10:34:01.105000,complete,User_10
81,O_Sent (mail and online),2016-08-18 10:34:01.106000,complete,User_21
82,A_Validating,2016-08-18 10:34:01.154000,complete,User_12
3,A_Validating,2016-08-18 10:34:01.154000,complete,User_14
66,A_Complete,2016-08-18 10:34:02.099000,complete,User_52
81,A_Complete,2016-08-18 10:34:02.652000,complete,User_28
68,W_Validate application,2016-08-18 11:49:01.561411,start,User_126
68,W_Validate application,2016-08-18 13:06:43.564393,complete,User_126
68,O_Returned,2016-08-18 13:06:45.089393,complete,User_126
68,O_Accepted,2016-08-18 13:06:45.091393,complete,User_126
68,A_Pending,2016-08-18 13:06:45.092393,complete,User_126
68,O_Cancelled,2016-08-18 13:06:45.093393,complete,User_12
68,O_Cancelled,2016-08-18 13:06:45.094393,complete,User_126
68,O_Cancelled,2016-08-18 13:06:45.095393,complete,User_14
68,O_Create Offer,2016-08-18 13:06:45.558393,complete,User_44
68,O_Created,2016-08-18 13:06:45.647393,complete,User_49
68,O_Cancelled,2016-08-18 13:06:45.648393,complete,User_21
68,O_Create Offer,2016-08-18 13:06:46.111393,complete,User_52
68,O_Created,2016-08-18 13:06:46.200393,complete,User_85
68,O_Sent (mail and online),2016-08-18 13:06:46.201393,complete,User_10
68,A_Complete,2016-08-18 13:06:47.747393,complete,User_12
82,W_Validate application,2016-08-18 13:19:01.338721,start,User_126
82,W_Validate application,2016-08-18 14:36:43.341703,complete,User_126
87,W_Call after offers,2016-08-19 06:23:00.891121,start,User_83
3,W_Validate application,2016-08-19 06:53:00.168319,start,User_121
29,W_Call after offers,2016-08-19 06:53:00.876056,start,User_87
15,W_Validate application,2016-08-19 06:53:00.915998,start,User_113
34,W_Call after offers,2016-08-19 07:08:00.180656,start,User_95
39,W_Call after offers,2016-08-19 07:08:00.713173,start,User_90
77,W_Call after offers,2016-08-19 07:08:00.856483,start,User_30
82,O_Returned,2016-08-19 07:08:01.525000,complete,User_122
82,O_Accepted,2016-08-19 07:08:01.527000,complete,User_122
82,A_Pending,2016-08-19 07:08:01.528000,complete,User_122
36,W_Call after offers,2016-08-19 07:38:00.974170,start,User_115
66,W_Call after offers,2016-08-19 07:53:00.563569,start,User_106
17,W_Call after offers,2016-08-19 07:53:00.846494,start,User_109
81,W_Call after offers,2016-08-19 08:08:00.522172,start,User_100
72,W_Call after offers,2016-08-19 08:08:00.761539,start,User_102
3,W_Validate application,2016-08-19 08:10:42.171301,complete,User_121
15,W_Validate application,2016-08-19 08:10:42.918980,complete,User_113
3,O_Returned,2016-08-19 08:10:43.696301,complete,User_114
15,O_Returned,2016-08-19 08:10:44.443980,complete,User_117
15,A_Denied,2016-08-19 08:10:44.459980,complete,User_144
15,O_Refused,2016-08-19 08:10:44.464980,complete,User_144
3,A_Incomplete,2016-08-19 08:10:45.122301,complete,User_118
3,W_Call incomplete files,2016-08-19 08:10:45.313950,start,User_28
7,W_Call after offers,2016-08-19 08:23:00.025404,start,User_93
74,W_Call after offers,2016-08-19 08:23:00.437564,start,User_107
19,W_Call after offers,2016-08-19 08:38:00.318920,start,User_129
3,W_Call incomplete files,2016-08-19 15:30:27.437141,complete,User_28
3,O_Create Offer,2016-08-19 15:30:27.900141,complete,User_12
3,O_Created,2016-08-19 15:30:27.989141,complete,User_15
3,O_Sent (mail and online),2016-08-19 15:30:27.990141,complete,User_17
3,A_Complete,2016-08-19 15:30:29.536141,complete,User_18
89,W_Call after offers,2016-08-21 02:25:17.943113,complete,User_68
59,W_Call after offers,2016-08-21 03:40:17.759314,complete,User_99
70,W_Call after offers,2016-08-21 04:25:17.614652,complete,User_75
76,W_Call after offers,2016-08-21 05:10:18.359350,complete,User_29
3,W_Call after offers,2016-08-21 06:33:00.033157,start,User_68
76,A_Validating,2016-08-21 06:41:01.154000,complete,User_118
76,W_Validate application,2016-08-21 06:41:01.746439,start,User_118
23,W_Call after offers,2016-08-21 06:48:00.266699,start,User_75
89,O_Create Offer,2016-08-21 07:02:00.463000,complete,User_26
89,O_Created,2016-08-21 07:02:00.552000,complete,User_26
89,O_Cancelled,2016-08-21 07:02:00.553000,complete,User_127
89,O_Cancelled,2016-08-21 07:02:00.554000,complete,User_26
89,O_Create Offer,2016-08-21 07:02:01.017000,complete,User_26
89,O_Created,2016-08-21 07:02:01.106000,complete,User_26
89,O_Sent (mail and online),2016-08-21 07:02:01.107000,complete,User_26
89,A_Complete,2016-08-21 07:02:02.653000,complete,User_26
59,O_Create Offer,2016-08-21 07:17:00.463000,complete,User_55
70,O_Create Offer,2016-08-21 07:17:00.463000,complete,User_65
59,O_Created,2016-08-21 07:17:00.552000,complete,User_91
70,O_Created,2016-08-21 07:17:00.552000,complete,User_97
59,O_Sent (mail and online),2016-08-21 07:17:00.553000,complete,User_14
70,O_Sent (mail and online),2016-08-21 07:17:00.553000,complete,User_26
59,A_Complete,2016-08-21 07:17:02.099000,complete,User_55
70,A_Complete,2016-08-21 07:17:02.099000,complete,User_65
76,W_Validate application,2016-08-21 07:58:43.749421,complete,User_118
76,O_Returned,2016-08-21 07:58:45.274421,complete,User_137
76,A_Incomplete,2016-08-21 07:58:46.700421,complete,User_137
76,W_Call incomplete files,2016-08-21 07:58:46.772904,start,User_4
59,W_Call after offers,2016-08-21 08:02:02.817066,start,User_99
70,W_Call after offers,2016-08-21 08:32:02.754903,start,User_29
76,W_Call incomplete files,2016-08-21 15:18:28.896095,complete,User_4
76,O_Cancelled,2016-08-21 15:18:28.897095,complete,User_11
76,A_Cancelled,2016-08-21 15:18:28.913095,complete,User_15
76,O_Create Offer,2016-08-21 15:18:29.376095,complete,User_19
76,O_Created,2016-08-21 15:18:29.465095,complete,User_22
76,O_Sent (mail and online),2016-08-21 15:18:29.466095,complete,User_23
76,A_Complete,2016-08-21 15:18:31.012095,complete,User_24
87,W_Call after offers,2016-08-25 03:05:18.373991,complete,User_83
29,W_Call after offers,2016-08-25 03:35:18.358926,complete,User_87
34,W_Call after offers,2016-08-25 03:50:17.663526,complete,User_95
39,W_Call after offers,2016-08-25 03:50:18.196043,complete,User_90
77,W_Call after offers,2016-08-25 03:50:18.339353,complete,User_30
36,W_Call after offers,2016-08-25 04:20:18.457040,complete,User_115
66,W_Call after offers,2016-08-25 04:35:18.046439,complete,User_106
17,W_Call after offers,2016-08-25 04:35:18.329364,complete,User_109
81,W_Call after offers,2016-08-25 04:50:18.005042,complete,User_100
72,W_Call after offers,2016-08-25 04:50:18.244409,complete,User_102
7,W_Call after offers,2016-08-25 05:05:17.508274,complete,User_93
74,W_Call after offers,2016-08-25 05:05:17.920434,complete,User_107
19,W_Call after offers,2016-08-25 05:20:17.801790,complete,User_129
34,O_Create Offer,2016-08-25 10:04:00.463000,complete,User_12
34,O_Created,2016-08-25 10:04:00.552000,complete,User_12
34,O_Sent (mail and online),2016-08-25 10:04:00.553000,complete,User_12
34,A_Complete,2016-08-25 10:04:02.099000,complete,User_12
81,O_Create Offer,2016-08-25 10:19:00.463000,complete,User_14
36,O_Create Offer,2016-08-25 10:19:00.463000,complete,User_21
77,O_Create Offer,2016-08-25 10:19:00.463000,complete,User_38
66,O_Create Offer,2016-08-25 10:19:00.463000,complete,User_42
72,O_Create Offer,2016-08-25 10:19:00.463000,complete,User_10
17,O_Create Offer,2016-08-25 10:19:00.463000,complete,User_44
19,O_Create Offer,2016-08-25 10:19:00.463000,complete,User_85
81,O_Created,2016-08-25 10:19:00.552000,complete,User_14
36,O_Created,2016-08-25 10:19:00.552000,complete,User_21
77,O_Created,2016-08-25 10:19:00.552000,complete,User_38
17,O_Created,2016-08-25 10:19:00.552000,complete,User_44
19,O_Created,2016-08-25 10:19:00.552000,complete,User_85
66,O_Created,2016-08-25 10:19:00.552000,complete,User_42
72,O_Created,2016-08-25 10:19:00.552000,complete,User_10
81,O_Sent (mail and online),2016-08-25 10:19:00.553000,complete,User_14
36,O_Cancelled,2016-08-25 10:19:00.553000,complete,User_21
77,O_Cancelled,2016-08-25 10:19:00.553000,complete,User_38
66,O_Cancelled,2016-08-25 10:19:00.553000,complete,User_1
72,O_Sent (mail and online),2016-08-25 10:19:00.553000,complete,User_42
17,O_Cancelled,2016-08-25 10:19:00.553000,complete,User_44
19,O_Sent (mail and online),2016-08-25 10:19:00.553000,complete,User_85
17,O_Cancelled,2016-08-25 10:19:00.554000,complete,User_44
17,O_Cancelled,2016-08-25 10:19:00.555000,complete,User_1
17,O_Cancelled,2016-08-25 10:19:00.556000,complete,User_44
17,O_Cancelled,2016-08-25 10:19:00.557000,complete,User_1
17,O_Cancelled,2016-08-25 10:19:00.558000,complete,User_44
36,O_Create Offer,2016-08-25 10:19:01.016000,complete,User_14
77,O_Create Offer,2016-08-25 10:19:01.016000,complete,User_21
66,O_Create Offer,2016-08-25 10:19:01.016000,complete,User_38
17,O_Create Offer,2016-08-25 10:19:01.021000,complete,User_44
36,O_Created,2016-08-25 10:19:01.105000,complete,User_14
77,O_Created,2016-08-25 10:19:01.105000,complete,User_21
66,O_Created,2016-08-25 10:19:01.105000,complete,User_38
36,O_Sent (mail and online),2016-08-25 10:19:01.106000,complete,User_14
77,O_Cancelled,2016-08-25 10:19:01.106000,complete,User_21
66,O_Sent (mail and online),2016-08-25 10:19:01.106000,complete,User_38
17,O_Created,2016-08-25 10:19:01.110000,complete,User_44
17,O_Sent (mail and online),2016-08-25 10:19:01.111000,complete,User_44
7,A_Validating,2016-08-25 10:19:01.154000,complete,User_12
77,O_Create Offer,2016-08-25 10:19:01.569000,complete,User_21
77,O_Created,2016-08-25 10:19:01.658000,complete,User_12
77,O_Cancelled,2016-08-25 10:19:01.659000,complete,User_12
19,A_Complete,2016-08-25 10:19:02.099000,complete,User_85
81,A_Complete,2016-08-25 10:19:02.099000,complete,User_10
72,A_Complete,2016-08-25 10:19:02.099000,complete,User_42
77,O_Create Offer,2016-08-25 10:19:02.122000,complete,User_12
77,O_Created,2016-08-25 10:19:02.211000,complete,User_21
77,O_Cancelled,2016-08-25 10:19:02.212000,complete,User_12
36,A_Complete,2016-08-25 10:19:02.652000,complete,User_14
66,A_Complete,2016-08-25 10:19:02.652000,complete,User_38
17,A_Complete,2016-08-25 10:19:02.657000,complete,User_44
77,O_Create Offer,2016-08-25 10:19:02.675000,complete,User_42
77,O_Created,2016-08-25 10:19:02.764000,complete,User_44
77,O_Sent (mail and online),2016-08-25 10:19:02.765000,complete,User_85
77,A_Complete,2016-08-25 10:19:04.311000,complete,User_10
39,O_Create Offer,2016-08-25 10:34:00.463000,complete,User_21
29,O_Create Offer,2016-08-25 10:34:00.463000,complete,User_28
39,O_Created,2016-08-25 10:34:00.552000,complete,User_38
29,O_Created,2016-08-25 10:34:00.552000,complete,User_39
39,O_Cancelled,2016-08-25 10:34:00.553000,complete,User_21
29,O_Sent (mail and online),2016-08-25 10:34:00.553000,complete,User_52
39,O_Create Offer,2016-08-25 10:34:01.016000,complete,User_85
39,O_Created,2016-08-25 10:34:01.105000,complete,User_21
39,O_Sent (mail and online),2016-08-25 10:34:01.106000,complete,User_28
87,A_Validating,2016-08-25 10:34:01.154000,complete,User_12
74,A_Validating,2016-08-25 10:34:01.154000,complete,User_14
29,A_Complete,2016-08-25 10:34:02.099000,complete,User_10
39,A_Complete,2016-08-25 10:34:02.652000,complete,User_33
7,W_Validate application,2016-08-25 11:49:01.579752,start,User_126
7,W_Validate application,2016-08-25 13:06:43.582734,complete,User_126
7,O_Returned,2016-08-25 13:06:45.107734,complete,User_126
7,A_Incomplete,2016-08-25 13:06:46.533734,complete,User_126
7,W_Call incomplete files,2016-08-25 13:06:46.590732,start,User_28
74,W_Validate application,2016-08-25 13:19:02.128499,start,User_126
74,W_Validate application,2016-08-25 14:36:44.131481,complete,User_126
7,W_Call incomplete files,2016-08-25 20:26:28.713923,complete,User_28
39,W_Call after offers,2016-08-26 06:23:00.455274,start,User_83
89,W_Call after offers,2016-08-26 06:53:00.349769,start,User_87
87,W_Validate application,2016-08-26 06:53:00.465186,start,User_113
74,O_Returned,2016-08-26 06:53:01.525000,complete,User_121
74,A_Incomplete,2016-08-26 06:53:02.951000,complete,User_121
7,O_Create Offer,2016-08-26 06:58:00.463000,complete,User_14
7,O_Created,2016-08-26 06:58:00.552000,complete,User_14
7,O_Sent (mail and online),2016-08-26 06:58:00.553000,complete,User_14
7,A_Complete,2016-08-26 06:58:02.099000,complete,User_14
7,W_Call after offers,2016-08-26 06:58:02.491855,start,User_90
27,W_Call after offers,2016-08-26 07:08:00.116225,start,User_95
77,W_Call after offers,2016-08-26 07:08:00.996242,start,User_30
74,W_Call incomplete files,2016-08-26 07:13:00.378540,start,User_14
29,W_Call after offers,2016-08-26 07:38:00.014028,start,User_115
24,W_Call after offers,2016-08-26 07:53:00.043894,start,User_109
76,W_Call after offers,2016-08-26 07:53:00.601450,start,User_106
36,W_Call after offers,2016-08-26 08:08:00.889549,start,User_100
98,W_Call after offers,2016-08-26 08:08:00.932226,start,User_102
87,W_Validate application,2016-08-26 08:10:42.468168,complete,User_113
87,O_Returned,2016-08-26 08:10:43.993168,complete,User_113
87,A_Incomplete,2016-08-26 08:10:45.419168,complete,User_113
87,W_Call incomplete files,2016-08-26 08:10:45.773675,start,User_13
47,W_Call after offers,2016-08-26 08:23:00.024194,start,User_93
72,W_Call after offers,2016-08-26 08:23:00.907502,start,User_107
34,W_Call after offers,2016-08-26 08:38:00.978363,start,User_129
74,W_Call incomplete files,2016-08-26 14:32:42.501731,complete,User_14
74,O_Cancelled,2016-08-26 14:32:42.502731,complete,User_11
74,A_Cancelled,2016-08-26 14:32:42.518731,complete,User_15
74,O_Create Offer,2016-08-26 14:32:42.981731,complete,User_17
74,O_Created,2016-08-26 14:32:43.070731,complete,User_18
74,O_Cancelled,2016-08-26 14:32:43.071731,complete,User_116
74,O_Cancelled,2016-08-26 14:32:43.072731,complete,User_12
74,O_Cancelled,2016-08-26 14:32:43.073731,complete,User_133
87,W_Call incomplete files,2016-08-26 15:30:27.896866,complete,User_13
87,O_Cancelled,2016-08-26 15:30:27.897866,complete,User_140
87,A_Cancelled,2016-08-26 15:30:27.913866,complete,User_44
87,O_Create Offer,2016-08-26 15:30:28.376866,complete,User_46
87,O_Created,2016-08-26 15:30:28.465866,complete,User_48
87,O_Cancelled,2016-08-26 15:30:28.466866,complete,User_20
87,O_Cancelled,2016-08-26 15:30:28.467866,complete,User_23
87,O_Create Offer,2016-08-26 15:30:28.930866,complete,User_56
87,O_Created,2016-08-26 15:30:29.019866,complete,User_57
87,O_Sent (mail and online),2016-08-26 15:30:29.020866,complete,User_61
87,A_Complete,2016-08-26 15:30:30.566866,complete,User_69
3,W_Call after offers,2016-08-27 03:15:17.516027,complete,User_68
23,W_Call after offers,2016-08-27 03:30:17.749569,complete,User_75
59,W_Call after offers,2016-08-27 04:44:20.299936,complete,User_99
70,W_Call after offers,2016-08-27 05:14:20.237773,complete,User_29
87,W_Call after offers,2016-08-27 06:02:00.078115,start,User_68
3,A_Validating,2016-08-27 06:24:01.154000,complete,User_5
70,A_Validating,2016-08-27 06:39:01.154000,complete,User_5
59,A_Validating,2016-08-27 06:54:01.154000,complete,User_5
23,O_Create Offer,2016-08-27 07:09:00.463000,complete,User_5
23,O_Created,2016-08-27 07:09:00.552000,complete,User_5
23,O_Cancelled,2016-08-27 07:09:00.553000,complete,User_5
23,O_Create Offer,2016-08-27 07:09:01.016000,complete,User_5
23,O_Created,2016-08-27 07:09:01.105000,complete,User_5
23,O_Sent (mail and online),2016-08-27 07:09:01.106000,complete,User_5
70,W_Validate application,2016-08-27 07:09:01.579360,start,User_127
59,W_Validate application,2016-08-27 07:09:01.874060,start,User_125
23,A_Complete,2016-08-27 07:09:02.652000,complete,User_5
3,W_Validate application,2016-08-27 07:24:01.941547,start,User_120
23,W_Call after offers,2016-08-27 07:39:02.731044,start,User_99
70,W_Validate application,2016-08-27 08:26:43.582342,complete,User_127
59,W_Validate application,2016-08-27 08:26:43.877042,complete,User_125
70,O_Returned,2016-08-27 08:26:45.107342,complete,User_112
59,O_Returned,2016-08-27 08:26:45.402042,complete,User_114
59,A_Denied,2016-08-27 08:26:45.418042,complete,User_144
59,O_Refused,2016-08-27 08:26:45.423042,complete,User_144
70,A_Incomplete,2016-08-27 08:26:46.533342,complete,User_116
70,W_Call incomplete files,2016-08-27 08:26:46.852395,start,User_17
49,W_Call after offers,2016-08-27 08:32:00.237310,start,User_29
17,W_Call after offers,2016-08-27 08:32:00.581346,start,User_75
3,W_Validate application,2016-08-27 08:41:43.944529,complete,User_120
3,O_Returned,2016-08-27 08:41:45.469529,complete,User_118
3,O_Accepted,2016-08-27 08:41:45.471529,complete,User_119
3,A_Pending,2016-08-27 08:41:45.472529,complete,User_120
3,O_Cancelled,2016-08-27 08:41:45.473529,complete,User_114
3,O_Cancelled,2016-08-27 08:41:45.474529,complete,User_116
3,O_Cancelled,2016-08-27 08:41:45.475529,complete,User_117
3,O_Cancelled,2016-08-27 08:41:45.476529,complete,User_118
3,O_Cancelled,2016-08-27 08:41:45.477529,complete,User_119
3,O_Cancelled,2016-08-27 08:41:45.478529,complete,User_120
3,O_Create Offer,2016-08-27 08:41:45.941529,complete,User_28
3,O_Created,2016-08-27 08:41:46.030529,complete,User_3
3,O_Cancelled,2016-08-27 08:41:46.031529,complete,User_126
3,O_Cancelled,2016-08-27 08:41:46.032529,complete,User_127
3,O_Create Offer,2016-08-27 08:41:46.495529,complete,User_33
3,O_Created,2016-08-27 08:41:46.584529,complete,User_35
3,O_Sent (mail and online),2016-08-27 08:41:46.585529,complete,User_36
3,A_Complete,2016-08-27 08:41:48.131529,complete,User_38
70,W_Call incomplete files,2016-08-27 15:46:28.975586,complete,User_17
70,A_Validating,2016-08-27 15:46:30.129586,complete,User_18
70,W_Validate application,2016-08-27 15:46:30.544394,start,User_133
70,W_Validate application,2016-08-27 17:04:12.547376,complete,User_133
70,O_Returned,2016-08-27 17:04:14.072376,complete,User_133
70,A_Incomplete,2016-08-27 17:04:15.498376,complete,User_133
70,W_Call incomplete files,2016-08-27 17:04:15.916536,start,User_3
70,W_Call incomplete files,2016-08-28 00:23:58.039727,complete,User_3
70,A_Validating,2016-08-28 06:41:01.154000,complete,User_118
70,W_Validate application,2016-08-28 06:41:01.721759,start,User_118
70,W_Validate application,2016-08-28 07:58:43.724741,complete,User_118
70,O_Returned,2016-08-28 07:58:45.249741,complete,User_120
70,A_Incomplete,2016-08-28 07:58:46.675741,complete,User_120
70,W_Call incomplete files,2016-08-28 07:58:47.204447,start,User_26
70,W_Call incomplete files,2016-08-28 15:18:29.327638,complete,User_26
70,O_Cancelled,2016-08-28 15:18:29.328638,complete,User_131
70,A_Cancelled,2016-08-28 15:18:29.344638,complete,User_36
70,O_Cancelled,2016-08-28 15:18:29.345638,complete,User_133
39,W_Call after offers,2016-09-01 03:05:17.938144,complete,User_83
89,W_Call after offers,2016-09-01 03:35:17.832639,complete,User_87
7,W_Call after offers,2016-09-01 03:40:19.974725,complete,User_90
27,W_Call after offers,2016-09-01 03:50:17.599095,complete,User_95
77,W_Call after offers,2016-09-01 03:50:18.479112,complete,User_30
29,W_Call after offers,2016-09-01 04:20:17.496898,complete,User_115
24,W_Call after offers,2016-09-01 04:35:17.526764,complete,User_109
76,W_Call after offers,2016-09-01 04:35:18.084320,complete,User_106
29,O_Cancelled,2016-09-01 04:49:00.001000,complete,User_1
29,A_Cancelled,2016-09-01 04:49:00.017000,complete,User_1
29,O_Cancelled,2016-09-01 04:49:00.018000,complete,User_1
36,W_Call after offers,2016-09-01 04:50:18.372419,complete,User_100
98,W_Call after offers,2016-09-01 04:50:18.415096,complete,User_102
76,A_Cancelled,2016-09-01 05:04:00.016000,complete,User_1
76,O_Cancelled,2016-09-01 05:04:00.017000,complete,User_1
47,W_Call after offers,2016-09-01 05:05:17.507064,complete,User_93
72,W_Call after offers,2016-09-01 05:05:18.390372,complete,User_107
34,W_Call after offers,2016-09-01 05:20:18.461233,complete,User_129
24,O_Create Offer,2016-09-01 10:04:00.463000,complete,User_12
24,O_Created,2016-09-01 10:04:00.552000,complete,User_12
24,O_Cancelled,2016-09-01 10:04:00.553000,complete,User_12
24,O_Create Offer,2016-09-01 10:04:01.016000,complete,User_12
24,O_Created,2016-09-01 10:04:01.105000,complete,User_12
24,O_Sent (mail and online),2016-09-01 10:04:01.106000,complete,User_12
24,A_Complete,2016-09-01 10:04:02.652000,complete,User_12
29,O_Create Offer,2016-09-01 10:19:00.463000,complete,User_38
7,O_Create Offer,2016-09-01 10:19:00.463000,complete,User_21
72,O_Create Offer,2016-09-01 10:19:00.463000,complete,User_85
98,O_Create Offer,2016-09-01 10:19:00.463000,complete,User_44
29,O_Created,2016-09-01 10:19:00.552000,complete,User_38
7,O_Created,2016-09-01 10:19:00.552000,complete,User_21
72,O_Created,2016-09-01 10:19:00.552000,complete,User_85
98,O_Created,2016-09-01 10:19:00.552000,complete,User_44
29,O_Cancelled,2016-09-01 10:19:00.553000,complete,User_38
7,O_Cancelled,2016-09-01 10:19:00.553000,complete,User_1
72,O_Cancelled,2016-09-01 10:19:00.553000,complete,User_21
98,O_Sent (mail and online),2016-09-01 10:19:00.553000,complete,User_85
7,O_Cancelled,2016-09-01 10:19:00.554000,complete,User_1
72,O_Cancelled,2016-09-01 10:19:00.554000,complete,User_21
7,O_Cancelled,2016-09-01 10:19:00.555000,complete,User_1
72,O_Create Offer,2016-09-01 10:19:01.017000,complete,User_21
7,O_Create Offer,2016-09-01 10:19:01.018000,complete,User_38
72,O_Created,2016-09-01 10:19:01.106000,complete,User_44
7,O_Created,2016-09-01 10:19:01.107000,complete,User_21
72,O_Cancelled,2016-09-01 10:19:01.107000,complete,User_38
7,O_Sent (mail and online),2016-09-01 10:19:01.108000,complete,User_21
72,O_Cancelled,2016-09-01 10:19:01.108000,complete,User_38
34,A_Validating,2016-09-01 10:19:01.154000,complete,User_12
36,A_Validating,2016-09-01 10:19:01.154000,complete,User_42
47,A_Validating,2016-09-01 10:19:01.154000,complete,User_14
77,A_Validating,2016-09-01 10:19:01.154000,complete,User_10
72,O_Create Offer,2016-09-01 10:19:01.571000,complete,User_38
72,O_Created,2016-09-01 10:19:01.660000,complete,User_42
72,O_Cancelled,2016-09-01 10:19:01.661000,complete,User_38
72,O_Cancelled,2016-09-01 10:19:01.662000,complete,User_42
72,O_Cancelled,2016-09-01 10:19:01.663000,complete,User_44
72,O_Cancelled,2016-09-01 10:19:01.664000,complete,User_1
72,O_Cancelled,2016-09-01 10:19:01.665000,complete,User_10
72,O_Cancelled,2016-09-01 10:19:01.666000,complete,User_12
98,A_Complete,2016-09-01 10:19:02.099000,complete,User_85
72,O_Create Offer,2016-09-01 10:19:02.129000,complete,User_38
72,O_Created,2016-09-01 10:19:02.218000,complete,User_42
72,O_Cancelled,2016-09-01 10:19:02.219000,complete,User_38
7,A_Complete,2016-09-01 10:19:02.654000,complete,User_21
72,O_Create Offer,2016-09-01 10:19:02.682000,complete,User_85
72,O_Created,2016-09-01 10:19:02.771000,complete,User_10
72,O_Sent (mail and online),2016-09-01 10:19:02.772000,complete,User_12
72,A_Complete,2016-09-01 10:19:04.318000,complete,User_14
89,O_Create Offer,2016-09-01 10:34:00.463000,complete,User_21
39,O_Create Offer,2016-09-01 10:34:00.463000,complete,User_28
89,O_Created,2016-09-01 10:34:00.552000,complete,User_38
39,O_Created,2016-09-01 10:34:00.552000,complete,User_39
89,O_Cancelled,2016-09-01 10:34:00.553000,complete,User_21
39,O_Sent (mail and online),2016-09-01 10:34:00.553000,complete,User_52
89,O_Create Offer,2016-09-01 10:34:01.016000,complete,User_85
89,O_Created,2016-09-01 10:34:01.105000,complete,User_12
89,O_Sent (mail and online),2016-09-01 10:34:01.106000,complete,User_21
27,A_Validating,2016-09-01 10:34:01.154000,complete,User_14
39,A_Complete,2016-09-01 10:34:02.099000,complete,User_10
89,A_Complete,2016-09-01 10:34:02.652000,complete,User_28
77,W_Validate application,2016-09-01 11:49:01.911956,start,User_126
77,W_Validate application,2016-09-01 13:06:43.914938,complete,User_126
77,O_Returned,2016-09-01 13:06:45.439938,complete,User_126
77,A_Incomplete,2016-09-01 13:06:46.865938,complete,User_126
77,W_Call incomplete files,2016-09-01 13:06:47.501002,start,User_28
34,W_Validate application,2016-09-01 13:19:01.318600,start,User_126
34,W_Validate application,2016-09-01 14:36:43.321582,complete,User_126
77,W_Call incomplete files,2016-09-01 20:26:29.624193,complete,User_28
77,O_Cancelled,2016-09-01 20:26:29.625193,complete,User_1
77,A_Cancelled,2016-09-01 20:26:29.641193,complete,User_1
87,W_Call after offers,2016-09-02 02:44:17.560985,complete,User_68
23,W_Call after offers,2016-09-02 04:21:20.213914,complete,User_99
49,W_Call after offers,2016-09-02 05:14:17.720180,complete,User_29
49,O_Cancelled,2016-09-02 05:14:17.721180,complete,User_1
49,A_Cancelled,2016-09-02 05:14:17.737180,complete,User_1
17,W_Call after offers,2016-09-02 05:14:18.064216,complete,User_75
17,O_Cancelled,2016-09-02 05:14:18.065216,complete,User_1
17,A_Cancelled,2016-09-02 05:14:18.081216,complete,User_1
34,O_Returned,2016-09-02 06:23:01.525000,complete,User_83
34,O_Accepted,2016-09-02 06:23:01.527000,complete,User_83
34,A_Pending,2016-09-02 06:23:01.528000,complete,User_83
66,W_Call after offers,2016-09-02 06:38:00.009868,start,User_68
24,W_Call after offers,2016-09-02 06:38:00.618419,start,User_83
23,A_Validating,2016-09-02 06:45:01.154000,complete,User_113
23,W_Validate application,2016-09-02 06:45:01.389244,start,User_113
67,W_Call after offers,2016-09-02 06:53:00.166723,start,User_87
27,W_Validate application,2016-09-02 06:53:00.284457,start,User_121
17,O_Create Offer,2016-09-02 06:58:00.463000,complete,User_14
17,O_Created,2016-09-02 06:58:00.552000,complete,User_14
17,O_Sent (mail and online),2016-09-02 06:58:00.553000,complete,User_14
17,A_Complete,2016-09-02 06:58:02.099000,complete,User_14
17,W_Call after offers,2016-09-02 06:58:02.667643,start,User_90
87,A_Validating,2016-09-02 07:00:01.154000,complete,User_14
3,W_Call after offers,2016-09-02 07:08:00.049271,start,User_95
78,W_Call after offers,2016-09-02 07:08:00.517501,start,User_30
47,W_Validate application,2016-09-02 07:08:00.674712,start,User_122
77,O_Create Offer,2016-09-02 07:13:00.463000,complete,User_91
77,O_Created,2016-09-02 07:13:00.552000,complete,User_14
77,O_Cancelled,2016-09-02 07:13:00.553000,complete,User_127
77,O_Create Offer,2016-09-02 07:13:01.016000,complete,User_91
77,O_Created,2016-09-02 07:13:01.105000,complete,User_14
77,O_Cancelled,2016-09-02 07:13:01.106000,complete,User_127
77,O_Create Offer,2016-09-02 07:13:01.569000,complete,User_91
77,O_Created,2016-09-02 07:13:01.658000,complete,User_14
77,O_Cancelled,2016-09-02 07:13:01.659000,complete,User_127
77,O_Create Offer,2016-09-02 07:13:02.122000,complete,User_91
77,O_Created,2016-09-02 07:13:02.211000,complete,User_14
77,O_Sent (mail and online),2016-09-02 07:13:02.212000,complete,User_91
77,A_Complete,2016-09-02 07:13:03.758000,complete,User_14
87,W_Validate application,2016-09-02 07:15:01.915476,start,User_127
36,W_Validate application,2016-09-02 07:23:00.766317,start,User_126
39,W_Call after offers,2016-09-02 07:23:00.889405,start,User_75
19,W_Call after offers,2016-09-02 07:38:00.027472,start,User_115
77,W_Call after offers,2016-09-02 07:43:04.709733,start,User_109
72,W_Call after offers,2016-09-02 07:53:00.143810,start,User_106
23,W_Validate application,2016-09-02 08:02:43.392226,complete,User_113
23,O_Returned,2016-09-02 08:02:44.917226,complete,User_113
23,A_Incomplete,2016-09-02 08:02:46.343226,complete,User_113
23,W_Call incomplete files,2016-09-02 08:02:46.670160,start,User_14
7,W_Call after offers,2016-09-02 08:08:00.433963,start,User_100
81,W_Call after offers,2016-09-02 08:08:00.904510,start,User_102
27,W_Validate application,2016-09-02 08:10:42.287439,complete,User_121
27,O_Returned,2016-09-02 08:10:43.812439,complete,User_113
27,O_Accepted,2016-09-02 08:10:43.814439,complete,User_114
27,A_Pending,2016-09-02 08:10:43.815439,complete,User_117
27,O_Cancelled,2016-09-02 08:10:43.816439,complete,User_113
27,O_Create Offer,2016-09-02 08:10:44.279439,complete,User_28
27,O_Created,2016-09-02 08:10:44.368439,complete,User_3
27,O_Cancelled,2016-09-02 08:10:44.369439,complete,User_13
27,O_Cancelled,2016-09-02 08:10:44.370439,complete,User_130
27,O_Cancelled,2016-09-02 08:10:44.371439,complete,User_134
27,O_Create Offer,2016-09-02 08:10:44.834439,complete,User_40
27,O_Created,2016-09-02 08:10:44.923439,complete,User_45
27,O_Sent (mail and online),2016-09-02 08:10:44.924439,complete,User_53
27,A_Complete,2016-09-02 08:10:46.470439,complete,User_54
27,W_Call after offers,2016-09-02 08:10:47.407576,start,User_99
68,W_Call after offers,2016-09-02 08:23:00.115869,start,User_107
89,W_Call after offers,2016-09-02 08:23:00.184019,start,User_93
98,W_Call after offers,2016-09-02 08:23:00.688027,start,User_29
47,W_Validate application,2016-09-02 08:25:42.677694,complete,User_122
47,O_Returned,2016-09-02 08:25:44.202694,complete,User_122
47,A_Incomplete,2016-09-02 08:25:45.628694,complete,User_122
47,W_Call incomplete files,2016-09-02 08:25:45.888358,start,User_2
87,W_Validate application,2016-09-02 08:32:43.918458,complete,User_127
87,O_Returned,2016-09-02 08:32:45.443458,complete,User_127
87,A_Incomplete,2016-09-02 08:32:46.869458,complete,User_127
87,W_Call incomplete files,2016-09-02 08:32:47.328462,start,User_25
36,W_Validate application,2016-09-02 08:40:42.769299,complete,User_126
36,O_Returned,2016-09-02 08:40:44.294299,complete,User_134
36,O_Accepted,2016-09-02 08:40:44.296299,complete,User_137
36,A_Pending,2016-09-02 08:40:44.297299,complete,User_27
23,W_Call incomplete files,2016-09-02 15:22:28.793351,complete,User_14
23,O_Create Offer,2016-09-02 15:22:29.256351,complete,User_34
23,O_Created,2016-09-02 15:22:29.345351,complete,User_35
23,O_Cancelled,2016-09-02 15:22:29.346351,complete,User_133
23,O_Cancelled,2016-09-02 15:22:29.347351,complete,User_140
23,O_Cancelled,2016-09-02 15:22:29.348351,complete,User_15
23,O_Create Offer,2016-09-02 15:22:29.811351,complete,User_45
23,O_Created,2016-09-02 15:22:29.900351,complete,User_46
23,O_Sent (mail and online),2016-09-02 15:22:29.901351,complete,User_48
23,A_Complete,2016-09-02 15:22:31.447351,complete,User_5
47,W_Call incomplete files,2016-09-02 15:45:28.011549,complete,User_2
47,O_Create Offer,2016-09-02 15:45:28.474549,complete,User_52
47,O_Created,2016-09-02 15:45:28.563549,complete,User_56
47,O_Cancelled,2016-09-02 15:45:28.564549,complete,User_34
47,O_Cancelled,2016-09-02 15:45:28.565549,complete,User_35
47,O_Cancelled,2016-09-02 15:45:28.566549,complete,User_36
47,O_Create Offer,2016-09-02 15:45:29.029549,complete,User_69
47,O_Created,2016-09-02 15:45:29.118549,complete,User_7
47,O_Cancelled,2016-09-02 15:45:29.119549,complete,User_4
47,O_Create Offer,2016-09-02 15:45:29.582549,complete,User_71
47,O_Created,2016-09-02 15:45:29.671549,complete,User_74
47,O_Cancelled,2016-09-02 15:45:29.672549,complete,User_44
47,O_Create Offer,2016-09-02 15:45:30.135549,complete,User_8
47,O_Created,2016-09-02 15:45:30.224549,complete,User_81
47,O_Cancelled,2016-09-02 15:45:30.225549,complete,User_52
47,O_Create Offer,2016-09-02 15:45:30.688549,complete,User_96
47,O_Created,2016-09-02 15:45:30.777549,complete,User_97
47,O_Sent (mail and online),2016-09-02 15:45:30.778549,complete,User_98
47,A_Complete,2016-09-02 15:45:32.324549,complete,User_10
87,W_Call incomplete files,2016-09-02 15:52:29.451653,complete,User_25
87,O_Create Offer,2016-09-02 15:52:29.914653,complete,User_104
87,O_Created,2016-09-02 15:52:30.003653,complete,User_11
87,O_Sent (mail and online),2016-09-02 15:52:30.004653,complete,User_12
87,A_Complete,2016-09-02 15:52:31.550653,complete,User_15
47,W_Call after offers,2016-09-03 08:02:00.760581,start,User_129
66,W_Call after offers,2016-09-08 03:20:17.492738,complete,User_68
24,W_Call after offers,2016-09-08 03:20:18.101289,complete,User_83
67,W_Call after offers,2016-09-08 03:35:17.649593,complete,User_87
17,W_Call after offers,2016-09-08 03:40:20.150513,complete,User_90
3,W_Call after offers,2016-09-08 03:50:17.532141,complete,User_95
78,W_Call after offers,2016-09-08 03:50:18.000371,complete,User_30
39,W_Call after offers,2016-09-08 04:05:18.372275,complete,User_75
19,W_Call after offers,2016-09-08 04:20:17.510342,complete,User_115
77,W_Call after offers,2016-09-08 04:25:22.192603,complete,User_109
72,W_Call after offers,2016-09-08 04:35:17.626680,complete,User_106
17,A_Cancelled,2016-09-08 04:49:00.016000,complete,User_1
17,O_Cancelled,2016-09-08 04:49:00.017000,complete,User_1
17,O_Cancelled,2016-09-08 04:49:00.018000,complete,User_1
7,W_Call after offers,2016-09-08 04:50:17.916833,complete,User_100
81,W_Call after offers,2016-09-08 04:50:18.387380,complete,User_102
27,W_Call after offers,2016-09-08 04:53:04.890446,complete,User_99
27,A_Cancelled,2016-09-08 04:53:04.906446,complete,User_1
27,O_Cancelled,2016-09-08 04:53:04.907446,complete,User_1
72,A_Cancelled,2016-09-08 05:04:00.016000,complete,User_1
72,O_Cancelled,2016-09-08 05:04:00.017000,complete,User_1
68,W_Call after offers,2016-09-08 05:05:17.598739,complete,User_107
89,W_Call after offers,2016-09-08 05:05:17.666889,complete,User_93
98,W_Call after offers,2016-09-08 05:05:18.170897,complete,User_29
98,O_Cancelled,2016-09-08 05:05:18.171897,complete,User_1
98,A_Cancelled,2016-09-08 05:05:18.187897,complete,User_1
66,A_Cancelled,2016-09-08 05:19:00.016000,complete,User_1
66,O_Cancelled,2016-09-08 05:19:00.017000,complete,User_1
77,O_Cancelled,2016-09-08 05:34:00.001000,complete,User_1
77,A_Cancelled,2016-09-08 05:34:00.017000,complete,User_1
23,W_Call after offers,2016-09-08 05:43:00.054439,start,User_68
87,W_Call after offers,2016-09-08 08:13:00.272776,start,User_99
7,A_Validating,2016-09-08 10:04:01.154000,complete,User_12
3,O_Create Offer,2016-09-08 10:19:00.463000,complete,User_21
24,O_Create Offer,2016-09-08 10:19:00.463000,complete,User_38
68,O_Create Offer,2016-09-08 10:19:00.463000,complete,User_42
27,O_Create Offer,2016-09-08 10:19:00.463000,complete,User_44
81,O_Create Offer,2016-09-08 10:19:00.463000,complete,User_10
66,O_Create Offer,2016-09-08 10:19:00.463000,complete,User_14
24,O_Created,2016-09-08 10:19:00.552000,complete,User_38
27,O_Created,2016-09-08 10:19:00.552000,complete,User_44
81,O_Created,2016-09-08 10:19:00.552000,complete,User_10
66,O_Created,2016-09-08 10:19:00.552000,complete,User_14
3,O_Created,2016-09-08 10:19:00.552000,complete,User_21
68,O_Created,2016-09-08 10:19:00.552000,complete,User_42
24,O_Cancelled,2016-09-08 10:19:00.553000,complete,User_38
66,O_Cancelled,2016-09-08 10:19:00.553000,complete,User_14
3,O_Cancelled,2016-09-08 10:19:00.553000,complete,User_21
68,O_Sent (mail and online),2016-09-08 10:19:00.553000,complete,User_42
27,O_Sent (mail and online),2016-09-08 10:19:00.553000,complete,User_44
81,O_Sent (mail and online),2016-09-08 10:19:00.553000,complete,User_10
24,O_Cancelled,2016-09-08 10:19:00.554000,complete,User_38
66,O_Cancelled,2016-09-08 10:19:00.554000,complete,User_1
3,O_Create Offer,2016-09-08 10:19:01.016000,complete,User_14
66,O_Create Offer,2016-09-08 10:19:01.017000,complete,User_10
3,O_Created,2016-09-08 10:19:01.105000,complete,User_14
66,O_Created,2016-09-08 10:19:01.106000,complete,User_38
3,O_Cancelled,2016-09-08 10:19:01.106000,complete,User_14
66,O_Cancelled,2016-09-08 10:19:01.107000,complete,User_38
3,O_Cancelled,2016-09-08 10:19:01.107000,complete,User_1
66,O_Cancelled,2016-09-08 10:19:01.108000,complete,User_10
89,A_Validating,2016-09-08 10:19:01.154000,complete,User_85
78,A_Validating,2016-09-08 10:19:01.154000,complete,User_12
3,O_Create Offer,2016-09-08 10:19:01.570000,complete,User_14
66,O_Create Offer,2016-09-08 10:19:01.571000,complete,User_38
3,O_Created,2016-09-08 10:19:01.659000,complete,User_85
66,O_Created,2016-09-08 10:19:01.660000,complete,User_10
3,O_Cancelled,2016-09-08 10:19:01.660000,complete,User_12
66,O_Cancelled,2016-09-08 10:19:01.661000,complete,User_14
3,O_Cancelled,2016-09-08 10:19:01.661000,complete,User_38
66,O_Cancelled,2016-09-08 10:19:01.662000,complete,User_85
3,O_Cancelled,2016-09-08 10:19:01.662000,complete,User_1
3,O_Cancelled,2016-09-08 10:19:01.663000,complete,User_14
27,A_Complete,2016-09-08 10:19:02.099000,complete,User_42
68,A_Complete,2016-09-08 10:19:02.099000,complete,User_21
81,A_Complete,2016-09-08 10:19:02.099000,complete,User_44
66,O_Create Offer,2016-09-08 10:19:02.125000,complete,User_12
3,O_Create Offer,2016-09-08 10:19:02.126000,complete,User_85
66,O_Created,2016-09-08 10:19:02.214000,complete,User_10
3,O_Created,2016-09-08 10:19:02.215000,complete,User_12
66,O_Sent (mail and online),2016-09-08 10:19:02.215000,complete,User_14
3,O_Cancelled,2016-09-08 10:19:02.216000,complete,User_12
3,O_Create Offer,2016-09-08 10:19:02.679000,complete,User_42
3,O_Created,2016-09-08 10:19:02.768000,complete,User_44
3,O_Cancelled,2016-09-08 10:19:02.769000,complete,User_21
3,O_Create Offer,2016-09-08 10:19:03.232000,complete,User_85
3,O_Created,2016-09-08 10:19:03.321000,complete,User_10
3,O_Cancelled,2016-09-08 10:19:03.322000,complete,User_10
66,A_Complete,2016-09-08 10:19:03.761000,complete,User_38
3,O_Create Offer,2016-09-08 10:19:03.785000,complete,User_12
3,O_Created,2016-09-08 10:19:03.874000,complete,User_14
3,O_Cancelled,2016-09-08 10:19:03.875000,complete,User_12
3,O_Create Offer,2016-09-08 10:19:04.338000,complete,User_38
3,O_Created,2016-09-08 10:19:04.427000,complete,User_42
3,O_Cancelled,2016-09-08 10:19:04.428000,complete,User_21
3,O_Cancelled,2016-09-08 10:19:04.429000,complete,User_38
3,O_Cancelled,2016-09-08 10:19:04.430000,complete,User_42
3,O_Create Offer,2016-09-08 10:19:04.893000,complete,User_85
3,O_Created,2016-09-08 10:19:04.982000,complete,User_10
3,O_Sent (mail and online),2016-09-08 10:19:04.983000,complete,User_12
3,A_Complete,2016-09-08 10:19:06.529000,complete,User_14
72,O_Create Offer,2016-09-08 10:34:00.463000,complete,User_21
17,O_Create Offer,2016-09-08 10:34:00.463000,complete,User_28
39,O_Create Offer,2016-09-08 10:34:00.463000,complete,User_33
72,O_Created,2016-09-08 10:34:00.552000,complete,User_38
17,O_Created,2016-09-08 10:34:00.552000,complete,User_39
39,O_Created,2016-09-08 10:34:00.552000,complete,User_42
72,O_Cancelled,2016-09-08 10:34:00.553000,complete,User_21
17,O_Cancelled,2016-09-08 10:34:00.553000,complete,User_28
39,O_Cancelled,2016-09-08 10:34:00.553000,complete,User_33
39,O_Cancelled,2016-09-08 10:34:00.554000,complete,User_52
72,O_Create Offer,2016-09-08 10:34:01.016000,complete,User_85
39,O_Create Offer,2016-09-08 10:34:01.017000,complete,User_10
72,O_Created,2016-09-08 10:34:01.105000,complete,User_21
39,O_Created,2016-09-08 10:34:01.106000,complete,User_28
72,O_Sent (mail and online),2016-09-08 10:34:01.106000,complete,User_33
39,O_Sent (mail and online),2016-09-08 10:34:01.107000,complete,User_38
67,A_Validating,2016-09-08 10:34:01.154000,complete,User_12
19,A_Validating,2016-09-08 10:34:01.154000,complete,User_14
72,A_Complete,2016-09-08 10:34:02.652000,complete,User_39
39,A_Complete,2016-09-08 10:34:02.653000,complete,User_42
67,W_Validate application,2016-09-08 11:49:01.829046,start,User_126
19,W_Validate application,2016-09-08 11:49:02.021839,start,User_75
7,W_Validate application,2016-09-08 12:04:01.557150,start,User_29
67,W_Validate application,2016-09-08 13:06:43.832028,complete,User_126
19,W_Validate application,2016-09-08 13:06:44.024821,complete,User_75
67,O_Returned,2016-09-08 13:06:45.357028,complete,User_126
19,O_Returned,2016-09-08 13:06:45.549821,complete,User_75
19,A_Denied,2016-09-08 13:06:45.565821,complete,User_75
19,O_Refused,2016-09-08 13:06:45.570821,complete,User_75
67,A_Incomplete,2016-09-08 13:06:46.783028,complete,User_126
67,W_Call incomplete files,2016-09-08 13:06:46.945090,start,User_21
89,W_Validate application,2016-09-08 13:19:01.677696,start,User_75
78,W_Validate application,2016-09-08 13:19:01.706179,start,User_126
7,W_Validate application,2016-09-08 13:21:43.560132,complete,User_29
7,O_Returned,2016-09-08 13:21:45.085132,complete,User_29
7,A_Denied,2016-09-08 13:21:45.101132,complete,User_29
7,O_Refused,2016-09-08 13:21:45.106132,complete,User_29
81,W_Call after offers,2016-09-08 13:34:02.918996,start,User_29
89,W_Validate application,2016-09-08 14:36:43.680678,complete,User_75
78,W_Validate application,2016-09-08 14:36:43.709161,complete,User_126
89,O_Returned,2016-09-08 14:36:45.205678,complete,User_75
89,O_Accepted,2016-09-08 14:36:45.207678,complete,User_75
89,A_Pending,2016-09-08 14:36:45.208678,complete,User_75
68,W_Call after offers,2016-09-08 14:49:02.538959,start,User_75
67,W_Call incomplete files,2016-09-08 20:26:29.068281,complete,User_21
47,W_Call after offers,2016-09-09 04:44:18.243451,complete,User_129
39,W_Call after offers,2016-09-09 06:23:00.778365,start,User_83
3,W_Call after offers,2016-09-09 06:53:00.602923,start,User_87
78,O_Returned,2016-09-09 06:53:01.525000,complete,User_121
78,O_Accepted,2016-09-09 06:53:01.527000,complete,User_121
78,A_Pending,2016-09-09 06:53:01.528000,complete,User_113
67,O_Create Offer,2016-09-09 06:58:00.463000,complete,User_14
67,O_Created,2016-09-09 06:58:00.552000,complete,User_14
67,O_Cancelled,2016-09-09 06:58:00.553000,complete,User_113
67,O_Create Offer,2016-09-09 06:58:01.016000,complete,User_14
67,O_Created,2016-09-09 06:58:01.105000,complete,User_14
67,O_Sent (mail and online),2016-09-09 06:58:01.106000,complete,User_14
67,A_Complete,2016-09-09 06:58:02.652000,complete,User_14
67,W_Call after offers,2016-09-09 06:58:02.820054,start,User_90
27,W_Call after offers,2016-09-09 07:08:00.206200,start,User_30
66,W_Call after offers,2016-09-09 07:08:00.533806,start,User_95
47,O_Create Offer,2016-09-09 07:13:00.463000,complete,User_14
47,O_Created,2016-09-09 07:13:00.552000,complete,User_91
47,O_Sent (mail and online),2016-09-09 07:13:00.553000,complete,User_14
47,A_Complete,2016-09-09 07:13:02.099000,complete,User_91
72,W_Call after offers,2016-09-09 07:38:00.032377,start,User_115
47,W_Call after offers,2016-09-09 07:43:02.397883,start,User_109
23,W_Call after offers,2016-09-14 02:25:17.537309,complete,User_68
87,W_Call after offers,2016-09-14 04:55:17.755646,complete,User_99
23,O_Create Offer,2016-09-14 08:06:00.463000,complete,User_23
23,O_Created,2016-09-14 08:06:00.552000,complete,User_23
23,O_Cancelled,2016-09-14 08:06:00.553000,complete,User_121
23,O_Cancelled,2016-09-14 08:06:00.554000,complete,User_123
23,O_Cancelled,2016-09-14 08:06:00.555000,complete,User_23
23,O_Create Offer,2016-09-14 08:06:01.018000,complete,User_23
23,O_Created,2016-09-14 08:06:01.107000,complete,User_23
23,O_Cancelled,2016-09-14 08:06:01.108000,complete,User_121
23,O_Create Offer,2016-09-14 08:06:01.571000,complete,User_23
23,O_Created,2016-09-14 08:06:01.660000,complete,User_23
23,O_Cancelled,2016-09-14 08:06:01.661000,complete,User_121
23,O_Create Offer,2016-09-14 08:06:02.124000,complete,User_23
23,O_Created,2016-09-14 08:06:02.213000,complete,User_23
23,O_Sent (mail and online),2016-09-14 08:06:02.214000,complete,User_23
23,A_Complete,2016-09-14 08:06:03.760000,complete,User_23
23,W_Call after offers,2016-09-14 08:06:03.765319,start,User_68
87,O_Create Offer,2016-09-14 08:21:00.463000,complete,User_23
87,O_Created,2016-09-14 08:21:00.552000,complete,User_40
87,O_Cancelled,2016-09-14 08:21:00.553000,complete,User_23
81,W_Call after offers,2016-09-14 10:16:20.401866,complete,User_29
81,A_Validating,2016-09-14 10:16:21.555866,complete,User_35
81,W_Validate application,2016-09-14 10:16:22.191295,start,User_122
68,W_Call after offers,2016-09-14 11:31:20.021829,complete,User_75
68,O_Create Offer,2016-09-14 11:31:20.484829,complete,User_19
68,O_Created,2016-09-14 11:31:20.573829,complete,User_2
68,O_Cancelled,2016-09-14 11:31:20.574829,complete,User_12
68,O_Create Offer,2016-09-14 11:31:21.037829,complete,User_24
68,O_Created,2016-09-14 11:31:21.126829,complete,User_26
68,O_Sent (mail and online),2016-09-14 11:31:21.127829,complete,User_28
68,A_Complete,2016-09-14 11:31:22.673829,complete,User_3
68,W_Call after offers,2016-09-14 11:31:23.029569,start,User_99
81,W_Validate application,2016-09-14 11:34:04.194277,complete,User_122
81,O_Returned,2016-09-14 11:34:05.719277,complete,User_116
81,A_Incomplete,2016-09-14 11:34:07.145277,complete,User_116
81,W_Call incomplete files,2016-09-14 11:34:07.767273,start,User_14
81,W_Call incomplete files,2016-09-14 18:53:49.890464,complete,User_14
81,O_Cancelled,2016-09-14 18:53:49.891464,complete,User_1
81,A_Cancelled,2016-09-14 18:53:49.907464,complete,User_1
39,W_Call after offers,2016-09-15 03:05:18.261235,complete,User_83
3,W_Call after offers,2016-09-15 03:35:18.085793,complete,User_87
67,W_Call after offers,2016-09-15 03:40:20.302924,complete,User_90
27,W_Call after offers,2016-09-15 03:50:17.689070,complete,User_30
66,W_Call after offers,2016-09-15 03:50:18.016676,complete,User_95
72,W_Call after offers,2016-09-15 04:20:17.515247,complete,User_115
47,W_Call after offers,2016-09-15 04:25:19.880753,complete,User_109
3,A_Cancelled,2016-09-15 04:49:00.016000,complete,User_1
3,O_Cancelled,2016-09-15 04:49:00.017000,complete,User_1
3,O_Cancelled,2016-09-15 04:49:00.018000,complete,User_1
27,O_Cancelled,2016-09-15 05:04:00.001000,complete,User_1
27,A_Cancelled,2016-09-15 05:04:00.017000,complete,User_1
27,O_Cancelled,2016-09-15 05:04:00.018000,complete,User_1
72,A_Cancelled,2016-09-15 05:19:00.016000,complete,User_1
72,O_Cancelled,2016-09-15 05:19:00.017000,complete,User_1
39,O_Create Offer,2016-09-15 10:04:00.463000,complete,User_12
39,O_Created,2016-09-15 10:04:00.552000,complete,User_12
39,O_Cancelled,2016-09-15 10:04:00.553000,complete,User_12
39,O_Cancelled,2016-09-15 10:04:00.554000,complete,User_1
39,O_Cancelled,2016-09-15 10:04:00.555000,complete,User_12
39,O_Create Offer,2016-09-15 10:04:01.018000,complete,User_12
39,O_Created,2016-09-15 10:04:01.107000,complete,User_12
39,O_Cancelled,2016-09-15 10:04:01.108000,complete,User_12
39,O_Create Offer,2016-09-15 10:04:01.571000,complete,User_12
39,O_Created,2016-09-15 10:04:01.660000,complete,User_12
39,O_Cancelled,2016-09-15 10:04:01.661000,complete,User_12
39,O_Create Offer,2016-09-15 10:04:02.124000,complete,User_12
39,O_Created,2016-09-15 10:04:02.213000,complete,User_12
39,O_Cancelled,2016-09-15 10:04:02.214000,complete,User_12
39,O_Create Offer,2016-09-15 10:04:02.677000,complete,User_12
39,O_Created,2016-09-15 10:04:02.766000,complete,User_12
39,O_Cancelled,2016-09-15 10:04:02.767000,complete,User_12
39,O_Cancelled,2016-09-15 10:04:02.768000,complete,User_1
39,O_Create Offer,2016-09-15 10:04:03.231000,complete,User_12
39,O_Created,2016-09-15 10:04:03.320000,complete,User_12
39,O_Sent (mail and online),2016-09-15 10:04:03.321000,complete,User_12
39,A_Complete,2016-09-15 10:04:04.867000,complete,User_12
66,O_Create Offer,2016-09-15 10:19:00.463000,complete,User_14
72,O_Create Offer,2016-09-15 10:19:00.463000,complete,User_21
27,O_Create Offer,2016-09-15 10:19:00.463000,complete,User_38
66,O_Created,2016-09-15 10:19:00.552000,complete,User_85
72,O_Created,2016-09-15 10:19:00.552000,complete,User_10
27,O_Created,2016-09-15 10:19:00.552000,complete,User_14
66,O_Cancelled,2016-09-15 10:19:00.553000,complete,User_21
72,O_Sent (mail and online),2016-09-15 10:19:00.553000,complete,User_85
27,O_Cancelled,2016-09-15 10:19:00.553000,complete,User_1
66,O_Cancelled,2016-09-15 10:19:00.554000,complete,User_10
27,O_Cancelled,2016-09-15 10:19:00.554000,complete,User_21
66,O_Cancelled,2016-09-15 10:19:00.555000,complete,User_38
66,O_Cancelled,2016-09-15 10:19:00.556000,complete,User_44
66,O_Create Offer,2016-09-15 10:19:01.019000,complete,User_85
66,O_Created,2016-09-15 10:19:01.108000,complete,User_10
66,O_Cancelled,2016-09-15 10:19:01.109000,complete,User_10
66,O_Cancelled,2016-09-15 10:19:01.110000,complete,User_21
67,A_Validating,2016-09-15 10:19:01.154000,complete,User_12
47,A_Validating,2016-09-15 10:19:01.154000,complete,User_42
72,A_Complete,2016-09-15 10:19:02.099000,complete,User_14
47,W_Validate application,2016-09-15 11:49:02.029004,start,User_126
67,W_Validate application,2016-09-15 11:49:02.148784,start,User_75
72,W_Call after offers,2016-09-15 12:04:02.802377,start,User_29
47,W_Validate application,2016-09-15 13:06:44.031986,complete,User_126
67,W_Validate application,2016-09-15 13:06:44.151766,complete,User_75
47,O_Returned,2016-09-15 13:06:45.556986,complete,User_126
67,O_Returned,2016-09-15 13:06:45.676766,complete,User_75
47,A_Incomplete,2016-09-15 13:06:46.982986,complete,User_126
67,A_Incomplete,2016-09-15 13:06:47.102766,complete,User_75
47,W_Call incomplete files,2016-09-15 13:06:47.429400,start,User_42
67,W_Call incomplete files,2016-09-15 13:06:47.840067,start,User_44
39,W_Call after offers,2016-09-15 13:19:05.257761,start,User_75
47,W_Call incomplete files,2016-09-15 20:26:29.552591,complete,User_42
67,W_Call incomplete files,2016-09-15 20:26:29.963258,complete,User_44
47,A_Validating,2016-09-16 06:45:01.154000,complete,User_113
47,W_Validate application,2016-09-16 06:45:01.880177,start,User_83
67,O_Create Offer,2016-09-16 06:58:00.463000,complete,User_14
67,O_Created,2016-09-16 06:58:00.552000,complete,User_14
67,O_Sent (mail and online),2016-09-16 06:58:00.553000,complete,User_14
67,A_Complete,2016-09-16 06:58:02.099000,complete,User_14
67,W_Call after offers,2016-09-16 06:58:02.411347,start,User_87
47,W_Validate application,2016-09-16 08:02:43.883159,complete,User_83
47,O_Returned,2016-09-16 08:02:45.408159,complete,User_120
47,O_Accepted,2016-09-16 08:02:45.410159,complete,User_121
47,A_Pending,2016-09-16 08:02:45.411159,complete,User_122
23,W_Call after offers,2016-09-20 04:48:21.248189,complete,User_68
23,O_Create Offer,2016-09-20 07:08:00.463000,complete,User_104
23,O_Created,2016-09-20 07:08:00.552000,complete,User_104
23,O_Cancelled,2016-09-20 07:08:00.553000,complete,User_104
23,O_Cancelled,2016-09-20 07:08:00.554000,complete,User_107
23,O_Create Offer,2016-09-20 07:08:01.017000,complete,User_104
23,O_Created,2016-09-20 07:08:01.106000,complete,User_104
23,O_Sent (mail and online),2016-09-20 07:08:01.107000,complete,User_104
23,A_Complete,2016-09-20 07:08:02.653000,complete,User_104
23,W_Call after offers,2016-09-20 07:08:03.443517,start,User_107
68,W_Call after offers,2016-09-20 08:13:40.512439,complete,User_99
68,A_Validating,2016-09-20 08:13:41.666439,complete,User_11
68,W_Validate application,2016-09-20 08:13:41.979684,start,User_113
68,W_Validate application,2016-09-20 09:31:23.982666,complete,User_113
68,O_Returned,2016-09-20 09:31:25.507666,complete,User_115
68,A_Denied,2016-09-20 09:31:25.523666,complete,User_144
68,O_Refused,2016-09-20 09:31:25.528666,complete,User_138
72,W_Call after offers,2016-09-21 08:46:20.285247,complete,User_29
72,O_Create Offer,2016-09-21 08:46:20.748247,complete,User_15
72,O_Created,2016-09-21 08:46:20.837247,complete,User_23
72,O_Sent (mail and online),2016-09-21 08:46:20.838247,complete,User_28
72,A_Complete,2016-09-21 08:46:22.384247,complete,User_31
72,W_Call after offers,2016-09-21 08:46:22.612542,start,User_83
39,W_Call after offers,2016-09-21 10:01:22.740631,complete,User_75
39,O_Cancelled,2016-09-21 10:01:22.741631,complete,User_116
39,A_Cancelled,2016-09-21 10:01:22.757631,complete,User_2
67,W_Call after offers,2016-09-22 03:40:19.894217,complete,User_87
67,O_Cancelled,2016-09-22 04:49:00.001000,complete,User_1
67,A_Cancelled,2016-09-22 04:49:00.017000,complete,User_1
67,O_Create Offer,2016-09-22 10:04:00.463000,complete,User_12
67,O_Created,2016-09-22 10:04:00.552000,complete,User_12
67,O_Sent (mail and online),2016-09-22 10:04:00.553000,complete,User_12
67,A_Complete,2016-09-22 10:04:02.099000,complete,User_12
67,W_Call after offers,2016-09-22 10:04:02.309326,start,User_68
23,W_Call after offers,2016-09-26 03:50:20.926387,complete,User_107
23,O_Create Offer,2016-09-26 04:38:00.463000,complete,User_103
23,O_Created,2016-09-26 04:38:00.552000,complete,User_103
23,O_Cancelled,2016-09-26 04:38:00.553000,complete,User_103
23,O_Create Offer,2016-09-26 04:38:01.016000,complete,User_103
23,O_Created,2016-09-26 04:38:01.105000,complete,User_103
23,O_Sent (mail and online),2016-09-26 04:38:01.106000,complete,User_103
23,A_Complete,2016-09-26 04:38:02.652000,complete,User_103
23,W_Call after offers,2016-09-26 06:43:00.773632,start,User_107
72,W_Call after offers,2016-09-27 05:28:40.095412,complete,User_83
72,A_Validating,2016-09-27 05:53:01.154000,complete,User_118
72,W_Validate application,2016-09-27 05:53:01.499298,start,User_118
72,W_Validate application,2016-09-27 07:10:43.502280,complete,User_118
72,O_Returned,2016-09-27 07:10:45.027280,complete,User_121
72,A_Incomplete,2016-09-27 07:10:46.453280,complete,User_121
72,W_Call incomplete files,2016-09-27 07:10:47.189777,start,User_104
72,W_Call incomplete files,2016-09-27 14:30:29.312968,complete,User_104
72,A_Validating,2016-09-27 14:30:30.466968,complete,User_105
72,W_Validate application,2016-09-27 14:30:30.912887,start,User_109
72,W_Validate application,2016-09-27 15:48:12.915869,complete,User_109
72,O_Returned,2016-09-27 15:48:14.440869,complete,User_114
72,A_Incomplete,2016-09-27 15:48:15.866869,complete,User_114
72,W_Call incomplete files,2016-09-27 15:48:16.821871,start,User_15
72,W_Call incomplete files,2016-09-27 23:07:58.945062,complete,User_15
67,W_Call after offers,2016-09-28 06:46:19.792196,complete,User_68
67,A_Validating,2016-09-28 07:06:01.154000,complete,User_123
67,W_Validate application,2016-09-28 07:06:01.394912,start,User_68
72,O_Create Offer,2016-09-28 08:06:00.463000,complete,User_23
72,O_Created,2016-09-28 08:06:00.552000,complete,User_23
72,O_Cancelled,2016-09-28 08:06:00.553000,complete,User_121
72,O_Cancelled,2016-09-28 08:06:00.554000,complete,User_123
72,O_Cancelled,2016-09-28 08:06:00.555000,complete,User_23
72,O_Cancelled,2016-09-28 08:06:00.556000,complete,User_83
72,O_Cancelled,2016-09-28 08:06:00.557000,complete,User_1
72,O_Cancelled,2016-09-28 08:06:00.558000,complete,User_109
67,W_Validate application,2016-09-28 08:23:43.397894,complete,User_68
67,O_Returned,2016-09-28 08:23:44.922894,complete,User_121
67,A_Denied,2016-09-28 08:23:44.938894,complete,User_100
67,O_Refused,2016-09-28 08:23:44.943894,complete,User_109
23,W_Call after offers,2016-10-02 03:25:18.256502,complete,User_107
23,O_Cancelled,2016-10-02 03:25:18.257502,complete,User_1
23,A_Cancelled,2016-10-02 03:25:18.273502,complete,User_1
